ID,date,from,day_recorded,month_recorded,dnoregion,regionid,intensity_forecast,intensity_index,biomass,coal,imports,gas,nuclear,other,hydro,solar,wind
0,2023-12-31,23:30,Sunday,December,Scottish Hydro Electric Power Distribution,1,4,very low,0.6,0.0,0.0,0.8,6.8,0,44.4,0.0,47.4
1,2023-12-31,23:30,Sunday,December,SP Distribution,2,24,very low,3.7,0.0,0.1,4.8,58.6,0,0.0,0.0,32.7
2,2023-12-31,23:30,Sunday,December,Electricity North West,3,4,very low,0.9,0.0,0.0,0.8,41.3,0,0.0,0.0,57.1
3,2023-12-31,23:30,Sunday,December,NPG North East,4,17,very low,9.4,0.0,2.3,1.4,73.8,0,0.0,0.0,13.1
4,2023-12-31,23:30,Sunday,December,NPG Yorkshire,5,83,low,25.0,0.0,0.0,13.4,0.0,0,0.0,0.0,61.6
5,2023-12-31,23:30,Sunday,December,SP Manweb,6,30,very low,0.3,0.0,0.0,7.4,11.7,0,1.3,0.0,79.2
6,2023-12-31,23:30,Sunday,December,WPD South Wales,7,86,low,0.1,0.0,0.0,21.7,0.9,0,0.0,0.0,77.3
7,2023-12-31,23:30,Sunday,December,WPD West Midlands,8,52,low,2.5,1.9,1.1,7.7,20.8,0,0.4,0.0,65.8
8,2023-12-31,23:30,Sunday,December,WPD East Midlands,9,128,moderate,6.3,6.0,3.0,15.8,4.8,0,0.0,0.0,64.2
9,2023-12-31,23:30,Sunday,December,UKPN East,10,19,very low,0.0,0.0,12.5,2.6,20.5,0,0.0,0.0,64.4
10,2023-12-31,23:30,Sunday,December,WPD South West,11,281,very high,0.1,0.2,1.4,70.9,0.4,0,0.1,0.0,27.0
11,2023-12-31,23:30,Sunday,December,SSE South,12,118,moderate,2.0,2.0,23.5,22.8,3.6,0,0.7,0.0,45.3
12,2023-12-31,23:30,Sunday,December,UKPN London,13,43,low,0.0,0.0,26.4,8.5,11.2,0,0.6,0.0,53.2
13,2023-12-31,23:30,Sunday,December,UKPN South East,14,75,low,0.0,0.0,44.2,16.1,0.3,0,1.4,0.0,37.9
14,2023-12-31,23:30,Sunday,December,England,15,69,low,4.7,1.1,10.1,12.2,19.1,0,0.2,0.0,52.6
15,2023-12-31,23:30,Sunday,December,Scotland,16,25,very low,1.8,0.1,0.7,5.7,29.4,0,16.8,0.0,45.6
16,2023-12-31,23:30,Sunday,December,Wales,17,59,low,0.0,0.0,0.0,15.0,0.0,0,0.0,0.0,85.0
17,2023-12-31,23:30,Sunday,December,GB,18,63,low,4.0,0.9,8.2,11.6,19.0,0,2.2,0.0,53.9
18,2024-01-01,00:00,Monday,January,Scottish Hydro Electric Power Distribution,1,3,very low,0.4,0.0,0.0,0.6,4.5,0,44.6,0.0,50.0
19,2024-01-01,00:00,Monday,January,SP Distribution,2,23,very low,3.4,0.0,0.0,4.8,54.6,0,0.0,0.0,37.2
20,2024-01-01,00:00,Monday,January,Electricity North West,3,3,very low,0.6,0.0,0.0,0.6,40.9,0,0.0,0.1,57.9
21,2024-01-01,00:00,Monday,January,NPG North East,4,16,very low,9.2,0.0,0.7,1.2,76.6,0,0.0,0.0,12.3
22,2024-01-01,00:00,Monday,January,NPG Yorkshire,5,83,low,24.8,0.0,0.0,13.4,0.0,0,0.0,0.0,61.8
23,2024-01-01,00:00,Monday,January,SP Manweb,6,30,very low,0.3,0.0,0.0,7.5,12.4,0,0.6,0.0,79.2
24,2024-01-01,00:00,Monday,January,WPD South Wales,7,94,low,0.1,0.1,0.0,23.6,1.6,0,0.0,0.5,73.9
25,2024-01-01,00:00,Monday,January,WPD West Midlands,8,51,low,2.3,1.8,0.8,7.7,20.9,0,0.2,0.4,65.8
26,2024-01-01,00:00,Monday,January,WPD East Midlands,9,133,moderate,6.6,5.9,2.6,17.2,4.7,0,0.0,0.1,63.0
27,2024-01-01,00:00,Monday,January,UKPN East,10,19,very low,0.0,0.0,12.2,2.7,20.0,0,0.0,0.2,64.8
28,2024-01-01,00:00,Monday,January,WPD South West,11,277,very high,0.2,0.2,1.7,69.5,0.4,0,0.1,2.7,25.2
29,2024-01-01,00:00,Monday,January,SSE South,12,119,moderate,2.2,1.8,22.3,23.7,3.3,0,0.6,0.6,45.5
30,2024-01-01,00:00,Monday,January,UKPN London,13,43,low,0.0,0.0,26.5,8.4,10.6,0,0.5,0.1,53.9
31,2024-01-01,00:00,Monday,January,UKPN South East,14,73,low,0.0,0.0,44.5,15.5,0.2,0,1.2,0.0,38.6
32,2024-01-01,00:00,Monday,January,England,15,69,low,4.5,1.1,9.3,12.6,17.9,0,0.4,0.0,54.1
33,2024-01-01,00:00,Monday,January,Scotland,16,20,very low,2.0,0.0,0.0,4.5,33.3,0,14.1,0.1,46.0
34,2024-01-01,00:00,Monday,January,Wales,17,75,low,0.0,0.0,0.0,19.0,0.0,0,2.9,0.0,78.1
35,2024-01-01,00:00,Monday,January,GB,18,64,low,4.0,0.9,7.7,12.0,18.6,0,2.1,0.0,54.6
36,2024-01-01,00:30,Monday,January,Scottish Hydro Electric Power Distribution,1,1,very low,0.2,0.0,0.0,0.3,3.6,0,44.0,0.0,51.9
37,2024-01-01,00:30,Monday,January,SP Distribution,2,22,very low,3.2,0.0,0.0,4.5,49.7,0,0.0,0.0,42.7
38,2024-01-01,00:30,Monday,January,Electricity North West,3,3,very low,0.6,0.0,0.0,0.6,39.9,0,0.0,0.0,58.9
39,2024-01-01,00:30,Monday,January,NPG North East,4,17,very low,9.6,0.0,0.0,1.5,74.6,0,0.0,0.0,14.4
40,2024-01-01,00:30,Monday,January,NPG Yorkshire,5,81,low,24.1,0.0,0.0,13.3,0.6,0,0.0,0.0,62.0
41,2024-01-01,00:30,Monday,January,SP Manweb,6,30,very low,0.4,0.0,0.0,7.6,12.4,0,0.5,0.0,79.3
42,2024-01-01,00:30,Monday,January,WPD South Wales,7,96,low,0.2,0.1,0.1,24.0,1.3,0,0.0,0.0,74.3
43,2024-01-01,00:30,Monday,January,WPD West Midlands,8,50,low,2.3,1.7,1.4,7.8,20.2,0,0.1,0.0,66.5
44,2024-01-01,00:30,Monday,January,WPD East Midlands,9,126,moderate,6.2,5.6,3.1,16.3,3.9,0,0.0,0.0,64.9
45,2024-01-01,00:30,Monday,January,UKPN East,10,22,very low,0.0,0.0,12.4,3.4,19.4,0,0.0,0.0,64.8
46,2024-01-01,00:30,Monday,January,WPD South West,11,270,very high,0.3,0.2,4.3,67.6,0.5,0,0.1,0.0,27.1
47,2024-01-01,00:30,Monday,January,SSE South,12,113,moderate,1.7,1.8,27.3,22.2,4.4,0,0.5,0.0,42.0
48,2024-01-01,00:30,Monday,January,UKPN London,13,41,low,0.0,0.0,29.8,7.9,11.9,0,0.5,0.0,49.9
49,2024-01-01,00:30,Monday,January,UKPN South East,14,63,low,0.0,0.0,50.2,13.1,1.0,0,1.1,0.0,34.6
50,2024-01-01,00:30,Monday,January,England,15,67,low,4.4,1.1,10.6,12.2,17.6,0,0.5,0.0,53.6
51,2024-01-01,00:30,Monday,January,Scotland,16,18,very low,1.9,0.0,0.0,4.0,31.1,0,13.4,0.0,49.6
52,2024-01-01,00:30,Monday,January,Wales,17,74,low,0.0,0.0,0.0,18.8,0.0,0,2.7,0.0,78.5
53,2024-01-01,00:30,Monday,January,GB,18,62,low,3.8,0.9,8.8,11.7,18.1,0,2.1,0.0,54.7
54,2024-01-01,01:00,Monday,January,Scottish Hydro Electric Power Distribution,1,1,very low,0.2,0.0,0.0,0.2,1.5,0,49.2,0.0,48.9
55,2024-01-01,01:00,Monday,January,SP Distribution,2,19,very low,2.7,0.0,0.0,4.1,46.4,0,0.0,0.0,46.7
56,2024-01-01,01:00,Monday,January,Electricity North West,3,3,very low,0.6,0.0,0.0,0.5,39.6,0,0.0,0.0,59.2
57,2024-01-01,01:00,Monday,January,NPG North East,4,14,very low,8.2,0.0,0.0,1.1,76.0,0,0.0,0.1,14.6
58,2024-01-01,01:00,Monday,January,NPG Yorkshire,5,79,low,24.1,0.0,0.0,12.6,2.2,0,0.0,0.0,61.0
59,2024-01-01,01:00,Monday,January,SP Manweb,6,29,very low,0.3,0.0,0.0,7.2,13.4,0,0.2,0.0,78.9
60,2024-01-01,01:00,Monday,January,WPD South Wales,7,95,low,0.3,0.1,0.1,23.7,0.9,0,0.0,0.0,74.9
61,2024-01-01,01:00,Monday,January,WPD West Midlands,8,46,low,2.4,1.5,0.8,7.4,21.1,0,0.1,0.1,66.7
62,2024-01-01,01:00,Monday,January,WPD East Midlands,9,129,moderate,6.9,5.6,2.8,16.8,3.3,0,0.0,0.0,64.6
63,2024-01-01,01:00,Monday,January,UKPN East,10,22,very low,0.0,0.0,12.3,3.5,19.2,0,0.0,0.0,65.0
64,2024-01-01,01:00,Monday,January,WPD South West,11,263,high,0.4,0.3,5.0,65.7,0.7,0,0.1,0.0,27.8
65,2024-01-01,01:00,Monday,January,SSE South,12,118,moderate,2.0,2.1,25.2,22.8,6.4,0,0.4,0.0,41.1
66,2024-01-01,01:00,Monday,January,UKPN London,13,42,low,0.0,0.0,28.7,8.2,13.4,0,0.4,0.0,49.2
67,2024-01-01,01:00,Monday,January,UKPN South East,14,66,low,0.0,0.0,48.7,14.0,2.7,0,1.1,0.0,33.6
68,2024-01-01,01:00,Monday,January,England,15,66,low,4.4,1.1,10.2,12.1,17.9,0,0.7,0.0,53.7
69,2024-01-01,01:00,Monday,January,Scotland,16,16,very low,1.7,0.0,0.0,3.6,29.4,0,14.9,0.0,50.4
70,2024-01-01,01:00,Monday,January,Wales,17,78,low,0.0,0.0,0.0,19.8,0.2,0,3.3,0.1,76.7
71,2024-01-01,01:00,Monday,January,GB,18,62,low,3.8,0.9,8.4,11.6,18.1,0,2.4,0.0,54.7
72,2024-01-01,01:30,Monday,January,Scottish Hydro Electric Power Distribution,1,0,very low,0.1,0.0,0.0,0.1,1.3,0,51.4,0.0,47.1
73,2024-01-01,01:30,Monday,January,SP Distribution,2,20,very low,2.6,0.0,0.0,4.3,45.6,0,0.0,0.0,47.6
74,2024-01-01,01:30,Monday,January,Electricity North West,3,2,very low,0.3,0.0,0.0,0.5,41.8,0,0.0,0.0,57.5
75,2024-01-01,01:30,Monday,January,NPG North East,4,11,very low,6.9,0.0,0.0,0.6,78.5,0,0.0,0.0,14.0
76,2024-01-01,01:30,Monday,January,NPG Yorkshire,5,83,low,23.9,0.0,0.0,13.8,2.7,0,0.0,0.0,59.5
77,2024-01-01,01:30,Monday,January,SP Manweb,6,32,very low,0.3,0.0,0.0,8.0,13.8,0,0.3,0.0,77.5
78,2024-01-01,01:30,Monday,January,WPD South Wales,7,114,moderate,0.0,0.1,0.0,28.6,0.7,0,0.0,0.0,70.5
79,2024-01-01,01:30,Monday,January,WPD West Midlands,8,46,low,2.4,1.4,0.2,7.7,22.6,0,0.1,0.0,65.6
80,2024-01-01,01:30,Monday,January,WPD East Midlands,9,145,moderate,9.2,5.8,1.0,20.0,3.3,0,0.0,0.0,60.6
81,2024-01-01,01:30,Monday,January,UKPN East,10,24,very low,0.0,0.0,12.2,4.0,19.5,0,0.0,0.0,64.3
82,2024-01-01,01:30,Monday,January,WPD South West,11,294,very high,0.4,0.3,0.8,73.7,0.7,0,0.1,0.0,24.1
83,2024-01-01,01:30,Monday,January,SSE South,12,134,moderate,3.8,2.2,7.9,26.9,6.6,0,0.4,0.0,52.2
84,2024-01-01,01:30,Monday,January,UKPN London,13,46,low,0.0,0.0,16.1,9.6,13.5,0,0.5,0.0,60.4
85,2024-01-01,01:30,Monday,January,UKPN South East,14,86,low,0.0,0.0,23.3,19.8,3.1,0,1.2,0.0,52.5
86,2024-01-01,01:30,Monday,January,England,15,75,low,4.7,1.1,2.8,14.7,18.7,0,0.9,0.0,57.1
87,2024-01-01,01:30,Monday,January,Scotland,16,15,very low,1.5,0.0,0.0,3.3,29.4,0,16.2,0.0,49.6
88,2024-01-01,01:30,Monday,January,Wales,17,85,low,0.0,0.0,0.0,21.6,0.5,0,3.8,0.0,74.0
89,2024-01-01,01:30,Monday,January,GB,18,69,low,4.1,0.9,2.3,13.8,18.8,0,2.8,0.0,57.3
90,2024-01-01,02:00,Monday,January,Scottish Hydro Electric Power Distribution,1,1,very low,0.1,0.0,0.0,0.1,1.6,0,53.2,0.0,45.0
91,2024-01-01,02:00,Monday,January,SP Distribution,2,18,very low,2.3,0.0,0.0,3.7,44.7,0,0.0,0.3,48.9
92,2024-01-01,02:00,Monday,January,Electricity North West,3,3,very low,0.3,0.0,0.0,0.6,42.3,0,0.0,0.0,56.8
93,2024-01-01,02:00,Monday,January,NPG North East,4,10,very low,6.2,0.0,0.0,0.6,78.3,0,0.0,0.1,14.8
94,2024-01-01,02:00,Monday,January,NPG Yorkshire,5,77,low,23.5,0.0,0.0,12.3,4.5,0,0.0,0.1,59.7
95,2024-01-01,02:00,Monday,January,SP Manweb,6,28,very low,0.3,0.0,0.0,7.1,14.4,0,1.7,0.3,76.2
96,2024-01-01,02:00,Monday,January,WPD South Wales,7,120,moderate,0.1,0.0,0.0,30.2,0.6,0,0.0,0.4,68.6
97,2024-01-01,02:00,Monday,January,WPD West Midlands,8,40,low,2.2,1.2,0.2,6.5,23.5,0,0.6,0.6,65.2
98,2024-01-01,02:00,Monday,January,WPD East Midlands,9,139,moderate,10.0,5.8,0.8,18.3,3.3,0,0.0,0.2,61.7
99,2024-01-01,02:00,Monday,January,UKPN East,10,23,very low,0.0,0.0,12.1,3.7,19.6,0,0.0,0.1,64.5
100,2024-01-01,02:00,Monday,January,WPD South West,11,240,high,1.2,0.7,1.9,58.9,2.1,0,0.1,1.1,34.0
101,2024-01-01,02:00,Monday,January,SSE South,12,125,moderate,4.1,2.3,6.2,24.4,8.0,0,0.5,0.6,53.9
102,2024-01-01,02:00,Monday,January,UKPN London,13,49,low,0.0,0.0,14.4,10.5,14.4,0,0.4,0.1,60.2
103,2024-01-01,02:00,Monday,January,UKPN South East,14,98,low,0.0,0.0,18.8,23.3,4.0,0,1.3,0.2,52.5
104,2024-01-01,02:00,Monday,January,England,15,70,low,4.6,1.1,3.7,13.3,18.9,0,1.0,0.1,57.2
105,2024-01-01,02:00,Monday,January,Scotland,16,12,very low,1.3,0.0,0.0,2.6,28.6,0,17.5,1.1,48.8
106,2024-01-01,02:00,Monday,January,Wales,17,87,low,0.0,0.0,0.0,22.2,0.6,0,4.4,1.3,71.6
107,2024-01-01,02:00,Monday,January,GB,18,65,low,4.0,0.9,3.0,12.7,18.9,0,3.1,0.3,57.2
108,2024-01-01,02:30,Monday,January,Scottish Hydro Electric Power Distribution,1,1,very low,0.2,0.0,0.0,0.2,2.5,0,47.2,0.0,49.9
109,2024-01-01,02:30,Monday,January,SP Distribution,2,12,very low,2.2,0.0,0.0,2.4,41.0,0,0.0,0.0,54.4
110,2024-01-01,02:30,Monday,January,Electricity North West,3,5,very low,0.4,0.0,0.0,1.1,41.8,0,0.0,0.0,56.7
111,2024-01-01,02:30,Monday,January,NPG North East,4,10,very low,6.6,0.0,0.0,0.4,76.5,0,0.0,0.0,16.4
112,2024-01-01,02:30,Monday,January,NPG Yorkshire,5,88,low,23.1,0.0,0.0,15.3,4.2,0,0.0,0.0,57.3
113,2024-01-01,02:30,Monday,January,SP Manweb,6,25,very low,0.4,0.0,0.0,6.3,13.3,0,1.0,0.0,79.1
114,2024-01-01,02:30,Monday,January,WPD South Wales,7,114,moderate,0.0,0.0,0.0,28.9,0.2,0,0.0,0.0,70.9
115,2024-01-01,02:30,Monday,January,WPD West Midlands,8,49,low,2.4,1.1,0.1,9.2,22.3,0,0.4,0.0,64.6
116,2024-01-01,02:30,Monday,January,WPD East Midlands,9,169,moderate,9.1,5.3,0.4,27.3,2.3,0,0.0,0.0,55.5
117,2024-01-01,02:30,Monday,January,UKPN East,10,18,very low,0.0,0.1,10.4,2.7,20.0,0,0.0,0.0,66.8
118,2024-01-01,02:30,Monday,January,WPD South West,11,244,high,1.2,0.6,2.9,60.0,1.8,0,0.1,0.0,33.5
119,2024-01-01,02:30,Monday,January,SSE South,12,131,moderate,3.9,2.5,9.4,25.5,7.8,0,0.5,0.0,50.5
120,2024-01-01,02:30,Monday,January,UKPN London,13,31,very low,0.0,0.1,17.8,6.0,15.2,0,0.5,0.0,60.4
121,2024-01-01,02:30,Monday,January,UKPN South East,14,54,low,0.0,0.0,30.9,11.7,4.3,0,1.6,0.0,51.4
122,2024-01-01,02:30,Monday,January,England,15,69,low,4.6,1.1,4.4,13.1,18.7,0,1.1,0.0,57.0
123,2024-01-01,02:30,Monday,January,Scotland,16,11,very low,1.3,0.0,0.0,2.5,27.6,0,14.4,0.0,54.2
124,2024-01-01,02:30,Monday,January,Wales,17,98,low,0.0,0.0,0.0,24.8,1.1,0,4.3,0.0,69.9
125,2024-01-01,02:30,Monday,January,GB,18,64,low,4.0,0.9,3.7,12.7,18.6,0,2.7,0.0,57.4
126,2024-01-01,03:00,Monday,January,Scottish Hydro Electric Power Distribution,1,0,very low,0.1,0.0,0.0,0.1,0.4,0,45.1,0.0,54.3
127,2024-01-01,03:00,Monday,January,SP Distribution,2,15,very low,2.0,0.0,0.0,3.2,36.7,0,0.0,0.0,58.1
128,2024-01-01,03:00,Monday,January,Electricity North West,3,2,very low,0.3,0.0,0.0,0.5,40.7,0,0.0,0.0,58.4
129,2024-01-01,03:00,Monday,January,NPG North East,4,10,very low,6.2,0.0,0.0,0.6,74.1,0,0.0,0.1,19.0
130,2024-01-01,03:00,Monday,January,NPG Yorkshire,5,77,low,23.3,0.0,0.0,12.3,6.0,0,0.0,0.0,58.3
131,2024-01-01,03:00,Monday,January,SP Manweb,6,27,very low,0.3,0.0,0.0,6.7,14.3,0,1.5,0.6,76.6
132,2024-01-01,03:00,Monday,January,WPD South Wales,7,111,moderate,0.1,0.1,0.0,27.9,1.9,0,0.0,0.0,69.9
133,2024-01-01,03:00,Monday,January,WPD West Midlands,8,38,low,2.4,1.1,0.1,6.3,23.6,0,0.5,0.3,65.6
134,2024-01-01,03:00,Monday,January,WPD East Midlands,9,136,moderate,10.1,5.9,0.6,17.5,3.8,0,0.0,0.3,61.8
135,2024-01-01,03:00,Monday,January,UKPN East,10,19,very low,0.0,0.0,8.7,3.4,20.4,0,0.0,0.2,67.3
136,2024-01-01,03:00,Monday,January,WPD South West,11,267,high,0.9,0.5,1.9,66.0,2.2,0,0.1,1.0,27.3
137,2024-01-01,03:00,Monday,January,SSE South,12,122,moderate,4.1,2.4,8.6,23.5,9.0,0,0.5,0.7,51.3
138,2024-01-01,03:00,Monday,January,UKPN London,13,46,low,0.0,0.0,15.4,10.0,15.3,0,0.5,0.3,58.5
139,2024-01-01,03:00,Monday,January,UKPN South East,14,90,low,0.0,0.0,26.7,21.1,4.6,0,1.3,0.4,45.9
140,2024-01-01,03:00,Monday,January,England,15,70,low,4.7,1.1,3.8,13.4,19.0,0,1.0,0.0,57.0
141,2024-01-01,03:00,Monday,January,Scotland,16,10,very low,1.2,0.0,0.0,2.2,25.5,0,12.8,0.1,58.3
142,2024-01-01,03:00,Monday,January,Wales,17,81,low,0.1,0.0,0.0,20.6,2.5,0,4.1,0.1,72.8
143,2024-01-01,03:00,Monday,January,GB,18,64,low,4.0,0.9,3.2,12.5,18.7,0,2.5,0.0,58.1
144,2024-01-01,03:30,Monday,January,Scottish Hydro Electric Power Distribution,1,0,very low,0.0,0.0,0.0,0.0,0.0,0,39.8,0.0,60.2
145,2024-01-01,03:30,Monday,January,SP Distribution,2,13,very low,1.8,0.0,0.0,2.8,34.1,0,0.0,0.0,61.3
146,2024-01-01,03:30,Monday,January,Electricity North West,3,2,very low,0.4,0.0,0.0,0.5,39.9,0,0.0,0.0,59.3
147,2024-01-01,03:30,Monday,January,NPG North East,4,10,very low,5.7,0.0,0.0,0.7,70.6,0,0.0,0.0,22.9
148,2024-01-01,03:30,Monday,January,NPG Yorkshire,5,72,low,22.2,0.0,0.0,11.6,7.3,0,0.0,0.0,58.9
149,2024-01-01,03:30,Monday,January,SP Manweb,6,25,very low,0.3,0.0,0.0,6.3,14.3,0,2.1,0.0,76.9
150,2024-01-01,03:30,Monday,January,WPD South Wales,7,114,moderate,0.2,0.1,0.0,28.6,2.8,0,0.1,0.0,68.3
151,2024-01-01,03:30,Monday,January,WPD West Midlands,8,34,very low,2.2,1.0,0.0,5.5,24.1,0,0.8,0.0,66.3
152,2024-01-01,03:30,Monday,January,WPD East Midlands,9,129,moderate,10.6,5.7,0.3,15.9,4.0,0,0.0,0.0,63.5
153,2024-01-01,03:30,Monday,January,UKPN East,10,17,very low,0.0,0.0,5.3,3.5,21.4,0,0.0,0.0,69.8
154,2024-01-01,03:30,Monday,January,WPD South West,11,269,high,1.0,0.7,1.6,66.3,2.7,0,0.1,0.0,27.6
155,2024-01-01,03:30,Monday,January,SSE South,12,115,moderate,4.4,2.5,6.9,21.5,9.7,0,0.5,0.0,54.5
156,2024-01-01,03:30,Monday,January,UKPN London,13,42,low,0.0,0.0,12.2,9.4,16.1,0,0.4,0.0,61.8
157,2024-01-01,03:30,Monday,January,UKPN South East,14,86,low,0.0,0.0,24.5,20.0,5.2,0,1.2,0.0,49.0
158,2024-01-01,03:30,Monday,January,England,15,67,low,4.6,1.1,4.2,12.6,18.9,0,0.9,0.0,57.7
159,2024-01-01,03:30,Monday,January,Scotland,16,9,very low,1.1,0.0,0.0,2.0,24.1,0,10.7,0.0,62.1
160,2024-01-01,03:30,Monday,January,Wales,17,77,low,0.1,0.0,0.0,19.6,3.5,0,4.0,0.0,72.7
161,2024-01-01,03:30,Monday,January,GB,18,61,low,3.9,0.9,3.5,11.9,18.5,0,2.2,0.0,59.1
162,2024-01-01,04:00,Monday,January,Scottish Hydro Electric Power Distribution,1,0,very low,0.0,0.0,0.0,0.0,0.0,0,39.1,0.0,60.9
163,2024-01-01,04:00,Monday,January,SP Distribution,2,11,very low,1.7,0.0,0.0,2.4,32.7,0,0.1,0.0,63.1
164,2024-01-01,04:00,Monday,January,Electricity North West,3,2,very low,0.4,0.0,0.0,0.4,40.7,0,0.0,0.0,58.5
165,2024-01-01,04:00,Monday,January,NPG North East,4,9,very low,5.5,0.0,0.0,0.6,68.9,0,0.0,0.0,25.0
166,2024-01-01,04:00,Monday,January,NPG Yorkshire,5,68,low,22.3,0.0,0.0,10.4,8.1,0,0.0,0.0,59.2
167,2024-01-01,04:00,Monday,January,SP Manweb,6,23,very low,0.3,0.0,0.0,5.8,14.8,0,1.4,0.0,77.7
168,2024-01-01,04:00,Monday,January,WPD South Wales,7,103,low,0.2,0.1,0.0,25.6,3.1,0,0.1,0.5,70.3
169,2024-01-01,04:00,Monday,January,WPD West Midlands,8,31,very low,2.2,1.0,0.0,4.9,24.8,0,0.5,0.0,66.6
170,2024-01-01,04:00,Monday,January,WPD East Midlands,9,126,moderate,11.4,5.8,0.1,14.8,4.2,0,0.0,0.0,63.7
171,2024-01-01,04:00,Monday,January,UKPN East,10,17,very low,0.0,0.0,5.3,3.3,21.7,0,0.0,0.0,69.7
172,2024-01-01,04:00,Monday,January,WPD South West,11,255,high,1.4,0.8,1.6,62.3,3.0,0,0.1,0.1,30.7
173,2024-01-01,04:00,Monday,January,SSE South,12,110,moderate,4.9,2.6,5.4,19.8,10.2,0,0.4,0.2,56.6
174,2024-01-01,04:00,Monday,January,UKPN London,13,39,low,0.0,0.0,10.7,8.6,16.6,0,0.4,0.0,63.7
175,2024-01-01,04:00,Monday,January,UKPN South East,14,82,low,0.0,0.0,21.6,19.1,5.3,0,1.2,0.1,52.7
176,2024-01-01,04:00,Monday,January,England,15,63,low,4.6,1.1,4.0,11.6,19.0,0,0.9,0.5,58.1
177,2024-01-01,04:00,Monday,January,Scotland,16,8,very low,1.0,0.0,0.0,1.7,23.4,0,9.8,0.6,63.5
178,2024-01-01,04:00,Monday,January,Wales,17,63,low,0.2,0.0,0.0,15.9,4.2,0,3.6,0.3,75.9
179,2024-01-01,04:00,Monday,January,GB,18,57,low,4.0,0.9,3.3,10.8,18.6,0,2.1,0.5,59.8
180,2024-01-01,04:30,Monday,January,Scottish Hydro Electric Power Distribution,1,0,very low,0.0,0.0,0.0,0.0,0.0,0,39.6,0.0,60.4
181,2024-01-01,04:30,Monday,January,SP Distribution,2,10,very low,1.7,0.0,0.0,2.1,32.0,0,0.1,0.0,64.1
182,2024-01-01,04:30,Monday,January,Electricity North West,3,2,very low,0.4,0.0,0.0,0.4,40.7,0,0.0,0.0,58.5
183,2024-01-01,04:30,Monday,January,NPG North East,4,9,very low,5.5,0.0,0.0,0.6,66.6,0,0.0,0.0,27.2
184,2024-01-01,04:30,Monday,January,NPG Yorkshire,5,65,low,22.4,0.0,0.0,9.7,8.1,0,0.0,0.0,59.8
185,2024-01-01,04:30,Monday,January,SP Manweb,6,22,very low,0.4,0.0,0.0,5.5,15.0,0,1.1,0.0,78.1
186,2024-01-01,04:30,Monday,January,WPD South Wales,7,104,low,0.3,0.1,0.0,26.0,3.7,0,0.1,0.0,69.8
187,2024-01-01,04:30,Monday,January,WPD West Midlands,8,30,very low,2.2,1.0,0.0,4.8,24.7,0,0.4,0.0,66.9
188,2024-01-01,04:30,Monday,January,WPD East Midlands,9,129,moderate,11.6,5.9,0.0,15.1,4.4,0,0.0,0.0,62.9
189,2024-01-01,04:30,Monday,January,UKPN East,10,16,very low,0.0,0.0,3.1,3.3,22.0,0,0.0,0.0,71.6
190,2024-01-01,04:30,Monday,January,WPD South West,11,257,high,1.6,0.8,1.7,62.8,3.0,0,0.1,0.0,29.9
191,2024-01-01,04:30,Monday,January,SSE South,12,108,low,5.2,2.6,5.7,19.1,9.9,0,0.4,0.0,57.1
192,2024-01-01,04:30,Monday,January,UKPN London,13,37,low,0.0,0.0,10.4,8.3,16.3,0,0.4,0.0,64.5
193,2024-01-01,04:30,Monday,January,UKPN South East,14,77,low,0.0,0.0,24.4,17.8,5.0,0,1.2,0.0,51.6
194,2024-01-01,04:30,Monday,January,England,15,63,low,4.7,1.1,4.0,11.5,18.9,0,1.0,0.0,58.8
195,2024-01-01,04:30,Monday,January,Scotland,16,7,very low,1.0,0.0,0.0,1.5,24.2,0,9.9,0.0,63.4
196,2024-01-01,04:30,Monday,January,Wales,17,58,low,0.2,0.0,0.0,14.6,4.5,0,3.7,0.0,77.0
197,2024-01-01,04:30,Monday,January,GB,18,56,low,4.0,0.9,3.4,10.6,18.6,0,2.1,0.0,60.3
198,2024-01-01,05:00,Monday,January,Scottish Hydro Electric Power Distribution,1,0,very low,0.0,0.0,0.0,0.0,0.0,0,36.9,0.0,63.1
199,2024-01-01,05:00,Monday,January,SP Distribution,2,11,very low,1.8,0.0,0.0,2.4,31.2,0,0.5,0.0,64.1
200,2024-01-01,05:00,Monday,January,Electricity North West,3,3,very low,0.5,0.0,0.0,0.5,40.4,0,0.1,0.2,58.4
201,2024-01-01,05:00,Monday,January,NPG North East,4,9,very low,5.7,0.0,0.0,0.6,66.6,0,0.1,1.4,25.6
202,2024-01-01,05:00,Monday,January,NPG Yorkshire,5,68,low,22.6,0.0,0.0,10.4,7.8,0,0.0,0.5,58.7
203,2024-01-01,05:00,Monday,January,SP Manweb,6,24,very low,0.4,0.0,0.0,6.0,14.8,0,2.2,0.0,76.6
204,2024-01-01,05:00,Monday,January,WPD South Wales,7,123,moderate,0.3,0.2,0.0,30.7,3.6,0,0.1,0.1,65.0
205,2024-01-01,05:00,Monday,January,WPD West Midlands,8,32,very low,2.3,1.0,0.0,4.9,24.3,0,0.9,0.6,66.0
206,2024-01-01,05:00,Monday,January,WPD East Midlands,9,127,moderate,11.9,6.0,0.0,14.3,4.2,0,0.0,0.3,63.3
207,2024-01-01,05:00,Monday,January,UKPN East,10,16,very low,0.0,0.0,4.0,3.4,21.5,0,0.0,0.3,70.7
208,2024-01-01,05:00,Monday,January,WPD South West,11,272,very high,1.3,0.8,1.2,66.6,3.1,0,0.1,1.9,25.0
209,2024-01-01,05:00,Monday,January,SSE South,12,113,moderate,5.3,2.6,4.8,20.5,9.9,0,0.5,0.3,56.0
210,2024-01-01,05:00,Monday,January,UKPN London,13,41,low,0.0,0.0,9.7,9.3,16.3,0,0.4,0.3,64.0
211,2024-01-01,05:00,Monday,January,UKPN South East,14,88,low,0.0,0.0,20.7,20.5,5.3,0,1.2,0.3,52.0
212,2024-01-01,05:00,Monday,January,England,15,66,low,4.8,1.1,3.1,12.4,18.9,0,1.0,0.0,58.7
213,2024-01-01,05:00,Monday,January,Scotland,16,8,very low,1.0,0.0,0.0,1.7,24.2,0,10.0,0.0,63.1
214,2024-01-01,05:00,Monday,January,Wales,17,63,low,0.2,0.0,0.0,15.8,4.5,0,4.1,0.0,75.3
215,2024-01-01,05:00,Monday,January,GB,18,59,low,4.1,0.9,2.6,11.4,18.7,0,2.1,0.0,60.2
216,2024-01-01,05:30,Monday,January,Scottish Hydro Electric Power Distribution,1,0,very low,0.0,0.0,0.0,0.0,0.0,0,38.4,0.0,61.6
217,2024-01-01,05:30,Monday,January,SP Distribution,2,11,very low,1.8,0.0,0.0,2.3,30.5,0,1.4,0.0,64.1
218,2024-01-01,05:30,Monday,January,Electricity North West,3,3,very low,0.4,0.0,0.0,0.5,40.4,0,0.2,0.0,58.4
219,2024-01-01,05:30,Monday,January,NPG North East,4,10,very low,6.1,0.0,0.0,0.7,66.3,0,0.4,0.0,26.6
220,2024-01-01,05:30,Monday,January,NPG Yorkshire,5,68,low,23.1,0.0,0.0,10.3,7.7,0,0.0,0.0,58.8
221,2024-01-01,05:30,Monday,January,SP Manweb,6,23,very low,0.4,0.0,0.0,5.7,14.9,0,2.6,0.0,76.4
222,2024-01-01,05:30,Monday,January,WPD South Wales,7,123,moderate,0.4,0.2,0.0,30.6,4.3,0,0.2,0.0,64.4
223,2024-01-01,05:30,Monday,January,WPD West Midlands,8,35,low,2.4,1.3,0.0,5.0,24.1,0,1.1,0.0,66.1
224,2024-01-01,05:30,Monday,January,WPD East Midlands,9,140,moderate,11.6,7.3,0.0,14.7,4.0,0,0.0,0.0,62.3
225,2024-01-01,05:30,Monday,January,UKPN East,10,16,very low,0.0,0.0,2.6,3.6,21.8,0,0.0,0.0,72.0
226,2024-01-01,05:30,Monday,January,WPD South West,11,270,very high,1.6,1.1,2.0,65.5,3.4,0,0.2,0.0,26.3
227,2024-01-01,05:30,Monday,January,SSE South,12,117,moderate,5.1,3.3,6.4,19.8,9.9,0,0.6,0.0,54.8
228,2024-01-01,05:30,Monday,January,UKPN London,13,37,low,0.0,0.0,11.0,8.3,16.7,0,0.5,0.0,63.4
229,2024-01-01,05:30,Monday,January,UKPN South East,14,76,low,0.0,0.0,26.4,17.0,5.6,0,1.6,0.0,49.4
230,2024-01-01,05:30,Monday,January,England,15,67,low,4.9,1.4,4.5,11.9,18.8,0,1.1,0.0,57.5
231,2024-01-01,05:30,Monday,January,Scotland,16,8,very low,1.0,0.0,0.0,1.7,23.0,0,10.8,0.0,63.4
232,2024-01-01,05:30,Monday,January,Wales,17,64,low,0.2,0.0,0.0,16.1,4.7,0,4.7,0.0,74.3
233,2024-01-01,05:30,Monday,January,GB,18,60,low,4.2,1.1,3.7,11.0,18.4,0,2.4,0.0,59.2
234,2024-01-01,06:00,Monday,January,Scottish Hydro Electric Power Distribution,1,0,very low,0.0,0.0,0.0,0.0,0.0,0,40.2,0.0,59.8
235,2024-01-01,06:00,Monday,January,SP Distribution,2,11,very low,1.6,0.0,0.0,2.2,30.7,0,2.5,0.0,63.0
236,2024-01-01,06:00,Monday,January,Electricity North West,3,3,very low,0.5,0.0,0.0,0.6,40.0,0,0.4,0.0,58.5
237,2024-01-01,06:00,Monday,January,NPG North East,4,9,very low,5.7,0.0,0.0,0.7,65.6,0,0.8,0.2,27.1
238,2024-01-01,06:00,Monday,January,NPG Yorkshire,5,68,low,22.2,0.0,0.0,10.4,7.4,0,0.1,0.6,59.4
239,2024-01-01,06:00,Monday,January,SP Manweb,6,23,very low,0.4,0.0,0.0,5.7,15.3,0,2.4,0.3,75.9
240,2024-01-01,06:00,Monday,January,WPD South Wales,7,119,moderate,0.4,0.3,0.0,29.4,4.7,0,0.2,1.6,63.4
241,2024-01-01,06:00,Monday,January,WPD West Midlands,8,37,low,2.2,1.5,0.0,5.2,24.0,0,1.1,1.0,65.0
242,2024-01-01,06:00,Monday,January,WPD East Midlands,9,156,moderate,11.0,8.4,0.0,16.2,3.8,0,0.0,0.8,59.7
243,2024-01-01,06:00,Monday,January,UKPN East,10,15,very low,0.1,0.1,0.0,3.4,22.6,0,0.0,0.0,73.7
244,2024-01-01,06:00,Monday,January,WPD South West,11,270,very high,1.7,1.4,1.8,64.7,3.6,0,0.3,0.4,26.2
245,2024-01-01,06:00,Monday,January,SSE South,12,121,moderate,5.1,3.8,5.4,19.8,9.4,0,0.7,1.2,54.6
246,2024-01-01,06:00,Monday,January,UKPN London,13,37,low,0.1,0.1,8.7,8.5,16.5,0,0.7,0.0,65.5
247,2024-01-01,06:00,Monday,January,UKPN South East,14,79,low,0.0,0.0,25.0,17.9,5.0,0,1.9,0.0,50.2
248,2024-01-01,06:00,Monday,January,England,15,70,low,4.6,1.6,4.8,12.2,18.4,0,1.2,0.1,57.1
249,2024-01-01,06:00,Monday,January,Scotland,16,8,very low,1.0,0.0,0.0,1.7,23.0,0,11.8,0.0,62.5
250,2024-01-01,06:00,Monday,January,Wales,17,58,low,0.2,0.0,0.0,14.7,5.3,0,5.1,0.0,74.7
251,2024-01-01,06:00,Monday,January,GB,18,63,low,4.0,1.3,4.0,11.2,18.2,0,2.6,0.1,58.7
252,2024-01-01,06:30,Monday,January,Scottish Hydro Electric Power Distribution,1,0,very low,0.0,0.0,0.0,0.0,0.0,0,39.0,0.0,61.0
253,2024-01-01,06:30,Monday,January,SP Distribution,2,9,very low,1.3,0.0,0.0,2.0,31.0,0,2.8,0.0,62.8
254,2024-01-01,06:30,Monday,January,Electricity North West,3,3,very low,0.4,0.0,0.0,0.5,40.1,0,0.5,0.0,58.5
255,2024-01-01,06:30,Monday,January,NPG North East,4,8,very low,4.7,0.0,0.0,0.6,65.9,0,0.9,0.0,28.0
256,2024-01-01,06:30,Monday,January,NPG Yorkshire,5,67,low,23.1,0.0,0.0,9.9,6.5,0,0.1,0.0,60.4
257,2024-01-01,06:30,Monday,January,SP Manweb,6,21,very low,0.3,0.0,0.0,5.2,15.7,0,1.7,0.0,77.0
258,2024-01-01,06:30,Monday,January,WPD South Wales,7,119,moderate,0.5,0.3,0.0,29.4,5.2,0,0.2,0.0,64.4
259,2024-01-01,06:30,Monday,January,WPD West Midlands,8,36,low,2.3,1.5,0.0,4.8,24.6,0,0.9,0.0,66.0
260,2024-01-01,06:30,Monday,January,WPD East Midlands,9,151,moderate,11.5,8.3,0.0,15.1,4.1,0,0.0,0.0,60.9
261,2024-01-01,06:30,Monday,January,UKPN East,10,14,very low,0.1,0.0,0.0,3.4,23.6,0,0.0,0.0,72.9
262,2024-01-01,06:30,Monday,January,WPD South West,11,269,high,1.9,1.4,1.7,64.2,3.8,0,0.2,0.0,26.8
263,2024-01-01,06:30,Monday,January,SSE South,12,120,moderate,5.4,3.6,4.8,19.9,8.9,0,0.6,0.0,56.7
264,2024-01-01,06:30,Monday,January,UKPN London,13,36,low,0.0,0.0,7.7,8.5,15.6,0,0.6,0.0,67.6
265,2024-01-01,06:30,Monday,January,UKPN South East,14,79,low,0.0,0.0,22.5,18.2,4.2,0,1.8,0.0,53.4
266,2024-01-01,06:30,Monday,January,England,15,70,low,4.7,1.6,3.3,12.3,18.6,0,1.1,0.0,58.4
267,2024-01-01,06:30,Monday,January,Scotland,16,8,very low,1.0,0.0,0.0,1.7,23.9,0,11.2,0.0,62.2
268,2024-01-01,06:30,Monday,January,Wales,17,47,low,0.2,0.0,0.0,11.8,5.9,0,4.5,0.0,77.5
269,2024-01-01,06:30,Monday,January,GB,18,61,low,4.1,1.3,2.7,11.0,18.5,0,2.4,0.0,59.9
270,2024-01-01,07:00,Monday,January,Scottish Hydro Electric Power Distribution,1,0,very low,0.0,0.0,0.0,0.0,0.0,0,35.2,0.0,64.8
271,2024-01-01,07:00,Monday,January,SP Distribution,2,10,very low,1.6,0.0,0.0,2.1,30.5,0,2.8,0.3,62.6
272,2024-01-01,07:00,Monday,January,Electricity North West,3,3,very low,0.5,0.0,0.0,0.5,39.9,0,0.5,0.2,58.4
273,2024-01-01,07:00,Monday,January,NPG North East,4,9,very low,5.6,0.0,0.0,0.6,65.7,0,0.9,0.4,26.8
274,2024-01-01,07:00,Monday,January,NPG Yorkshire,5,72,low,26.7,0.0,0.0,10.1,5.5,0,0.1,0.2,57.5
275,2024-01-01,07:00,Monday,January,SP Manweb,6,23,very low,0.4,0.0,0.0,5.8,15.5,0,1.6,0.4,76.2
276,2024-01-01,07:00,Monday,January,WPD South Wales,7,137,moderate,0.6,0.2,0.0,34.0,5.8,0,0.2,0.7,58.5
277,2024-01-01,07:00,Monday,January,WPD West Midlands,8,34,very low,2.9,1.0,0.0,5.2,24.4,0,0.9,0.6,65.0
278,2024-01-01,07:00,Monday,January,WPD East Midlands,9,135,moderate,13.5,6.1,0.0,15.6,4.6,0,0.1,0.3,59.8
279,2024-01-01,07:00,Monday,January,UKPN East,10,14,very low,0.0,0.1,0.5,3.2,23.1,0,0.0,0.4,72.7
280,2024-01-01,07:00,Monday,January,WPD South West,11,236,high,2.7,1.3,3.1,55.8,4.5,0,0.3,2.0,30.5
281,2024-01-01,07:00,Monday,January,SSE South,12,115,moderate,6.1,2.8,6.9,20.2,8.4,0,0.6,0.9,54.2
282,2024-01-01,07:00,Monday,January,UKPN London,13,39,low,0.0,0.1,10.8,8.9,14.2,0,0.6,0.3,65.1
283,2024-01-01,07:00,Monday,January,UKPN South East,14,81,low,0.0,0.0,28.0,18.4,3.6,0,1.6,0.1,48.1
284,2024-01-01,07:00,Monday,January,England,15,64,low,5.3,1.1,9.7,11.4,17.4,0,0.9,0.5,53.7
285,2024-01-01,07:00,Monday,January,Scotland,16,8,very low,1.2,0.0,0.0,1.7,23.4,0,10.6,0.3,62.9
286,2024-01-01,07:00,Monday,January,Wales,17,52,low,0.3,0.0,0.0,13.1,5.9,0,3.1,0.7,76.8
287,2024-01-01,07:00,Monday,January,GB,18,58,low,4.6,1.0,8.1,10.5,17.4,0,2.1,0.4,56.0
288,2024-01-01,07:30,Monday,January,Scottish Hydro Electric Power Distribution,1,0,very low,0.0,0.0,0.0,0.0,0.0,0,38.8,0.0,61.2
289,2024-01-01,07:30,Monday,January,SP Distribution,2,10,very low,1.6,0.0,0.0,2.1,32.4,0,3.1,0.0,60.8
290,2024-01-01,07:30,Monday,January,Electricity North West,3,2,very low,0.5,0.0,0.0,0.4,41.9,0,0.5,0.0,56.7
291,2024-01-01,07:30,Monday,January,NPG North East,4,9,very low,5.2,0.0,0.0,0.6,66.1,0,0.9,0.0,27.2
292,2024-01-01,07:30,Monday,January,NPG Yorkshire,5,70,low,27.2,0.0,0.0,9.6,4.8,0,0.1,0.0,58.4
293,2024-01-01,07:30,Monday,January,SP Manweb,6,24,very low,0.4,0.0,0.0,6.1,16.8,0,2.3,0.0,74.4
294,2024-01-01,07:30,Monday,January,WPD South Wales,7,152,moderate,0.4,0.1,0.0,38.3,8.2,0,0.2,0.0,52.8
295,2024-01-01,07:30,Monday,January,WPD West Midlands,8,23,very low,2.6,0.3,0.0,4.3,26.2,0,1.1,0.0,65.5
296,2024-01-01,07:30,Monday,January,WPD East Midlands,9,90,low,15.9,2.5,0.0,12.1,5.3,0,0.0,0.0,64.2
297,2024-01-01,07:30,Monday,January,UKPN East,10,17,very low,0.6,0.1,2.9,3.4,22.7,0,0.0,0.0,70.3
298,2024-01-01,07:30,Monday,January,WPD South West,11,204,high,4.1,0.6,3.0,48.8,4.7,0,0.5,0.0,38.4
299,2024-01-01,07:30,Monday,January,SSE South,12,93,low,7.5,1.2,5.4,18.4,7.2,0,0.8,0.0,59.5
300,2024-01-01,07:30,Monday,January,UKPN London,13,39,low,0.4,0.1,11.4,8.8,12.1,0,0.6,0.0,66.6
301,2024-01-01,07:30,Monday,January,UKPN South East,14,78,low,0.1,0.0,26.9,18.6,2.0,0,1.4,0.0,51.0
302,2024-01-01,07:30,Monday,January,England,15,55,low,5.6,0.5,11.0,10.5,17.5,0,1.0,0.0,54.0
303,2024-01-01,07:30,Monday,January,Scotland,16,8,very low,1.1,0.0,0.0,1.6,23.1,0,11.2,0.0,63.0
304,2024-01-01,07:30,Monday,January,Wales,17,52,low,0.3,0.0,0.0,13.0,6.5,0,4.5,0.0,75.7
305,2024-01-01,07:30,Monday,January,GB,18,50,low,4.8,0.4,9.1,9.7,17.5,0,2.3,0.0,56.2
306,2024-01-01,08:00,Monday,January,Scottish Hydro Electric Power Distribution,1,0,very low,0.0,0.0,0.0,0.0,0.0,0,40.6,0.0,59.4
307,2024-01-01,08:00,Monday,January,SP Distribution,2,10,very low,1.6,0.0,0.0,2.1,31.6,0,3.2,0.0,61.4
308,2024-01-01,08:00,Monday,January,Electricity North West,3,3,very low,0.4,0.0,0.0,0.7,41.1,0,0.5,0.0,57.2
309,2024-01-01,08:00,Monday,January,NPG North East,4,10,very low,6.1,0.0,0.0,0.6,66.0,0,0.8,0.2,26.3
310,2024-01-01,08:00,Monday,January,NPG Yorkshire,5,76,low,31.0,0.0,0.0,9.9,1.6,0,0.0,0.2,57.4
311,2024-01-01,08:00,Monday,January,SP Manweb,6,23,very low,0.4,0.0,0.0,5.8,16.6,0,1.6,0.2,75.4
312,2024-01-01,08:00,Monday,January,WPD South Wales,7,124,moderate,1.2,0.0,0.1,31.1,9.9,0,0.3,0.5,56.8
313,2024-01-01,08:00,Monday,January,WPD West Midlands,8,24,very low,3.5,0.0,0.2,5.1,23.8,0,0.7,0.5,66.3
314,2024-01-01,08:00,Monday,January,WPD East Midlands,9,64,low,13.5,0.0,0.7,12.1,5.0,0,0.0,0.6,68.1
315,2024-01-01,08:00,Monday,January,UKPN East,10,14,very low,0.0,0.0,3.7,2.9,21.3,0,0.0,0.5,71.6
316,2024-01-01,08:00,Monday,January,WPD South West,11,160,moderate,2.6,0.0,21.7,38.6,2.7,0,0.6,2.3,31.5
317,2024-01-01,08:00,Monday,January,SSE South,12,85,low,3.9,0.0,32.4,18.6,4.0,0,0.8,1.0,39.3
318,2024-01-01,08:00,Monday,January,UKPN London,13,45,low,0.0,0.0,36.3,9.4,9.4,0,0.8,0.4,43.7
319,2024-01-01,08:00,Monday,January,UKPN South East,14,70,low,0.0,0.0,61.7,14.5,0.1,0,1.5,0.3,21.9
320,2024-01-01,08:00,Monday,January,England,15,50,low,5.9,0.0,12.9,10.1,17.1,0,1.1,0.5,52.4
321,2024-01-01,08:00,Monday,January,Scotland,16,8,very low,1.1,0.0,0.0,1.6,23.9,0,12.5,0.0,60.9
322,2024-01-01,08:00,Monday,January,Wales,17,51,low,0.3,0.0,0.0,12.7,7.2,0,5.2,0.3,74.3
323,2024-01-01,08:00,Monday,January,GB,18,45,low,5.1,0.0,10.8,9.3,17.3,0,2.6,0.5,54.6
324,2024-01-01,08:30,Monday,January,Scottish Hydro Electric Power Distribution,1,0,very low,0.0,0.0,0.0,0.0,0.0,0,44.4,0.0,55.6
325,2024-01-01,08:30,Monday,January,SP Distribution,2,10,very low,1.6,0.0,0.0,2.0,32.7,0,3.8,0.0,60.0
326,2024-01-01,08:30,Monday,January,Electricity North West,3,3,very low,0.6,0.0,0.0,0.6,42.1,0,0.5,0.0,56.1
327,2024-01-01,08:30,Monday,January,NPG North East,4,9,very low,5.9,0.0,0.0,0.5,66.1,0,0.9,0.1,26.5
328,2024-01-01,08:30,Monday,January,NPG Yorkshire,5,76,low,32.3,0.0,0.0,9.4,0.7,0,0.0,0.1,57.5
329,2024-01-01,08:30,Monday,January,SP Manweb,6,23,very low,0.5,0.0,0.0,5.7,17.9,0,1.9,0.3,73.8
330,2024-01-01,08:30,Monday,January,WPD South Wales,7,125,moderate,1.7,0.0,0.2,31.3,10.6,0,0.4,0.5,55.5
331,2024-01-01,08:30,Monday,January,WPD West Midlands,8,27,very low,3.9,0.0,0.3,5.5,23.1,0,0.8,0.4,65.9
332,2024-01-01,08:30,Monday,January,WPD East Midlands,9,68,low,13.6,0.0,1.4,13.0,6.0,0,0.0,0.6,65.5
333,2024-01-01,08:30,Monday,January,UKPN East,10,15,very low,0.0,0.0,7.5,2.4,20.9,0,0.0,0.6,68.6
334,2024-01-01,08:30,Monday,January,WPD South West,11,156,moderate,2.8,0.0,22.3,37.5,2.0,0,0.6,2.7,32.2
335,2024-01-01,08:30,Monday,January,SSE South,12,76,low,4.3,0.0,33.6,16.2,3.2,0,0.9,1.0,40.9
336,2024-01-01,08:30,Monday,January,UKPN London,13,39,low,0.0,0.0,38.0,7.5,8.0,0,0.9,0.4,45.2
337,2024-01-01,08:30,Monday,January,UKPN South East,14,59,low,0.0,0.0,63.5,11.8,0.1,0,1.6,0.3,22.8
338,2024-01-01,08:30,Monday,January,England,15,48,low,6.0,0.0,14.2,9.4,16.9,0,1.1,0.5,51.9
339,2024-01-01,08:30,Monday,January,Scotland,16,7,very low,1.1,0.0,0.0,1.5,25.0,0,15.1,0.0,57.4
340,2024-01-01,08:30,Monday,January,Wales,17,51,low,0.4,0.0,0.0,12.7,7.7,0,5.4,0.2,73.5
341,2024-01-01,08:30,Monday,January,GB,18,43,low,5.2,0.0,11.8,8.7,17.3,0,2.9,0.5,53.7
342,2024-01-01,09:00,Monday,January,Scottish Hydro Electric Power Distribution,1,0,very low,0.0,0.0,0.0,0.0,0.0,0,44.0,0.0,56.0
343,2024-01-01,09:00,Monday,January,SP Distribution,2,11,very low,1.9,0.0,0.0,2.3,33.8,0,2.9,0.2,59.0
344,2024-01-01,09:00,Monday,January,Electricity North West,3,6,very low,1.7,0.0,0.0,1.1,41.8,0,0.3,0.2,55.0
345,2024-01-01,09:00,Monday,January,NPG North East,4,12,very low,7.8,0.0,0.0,0.8,64.7,0,0.6,0.7,25.4
346,2024-01-01,09:00,Monday,January,NPG Yorkshire,5,83,low,34.2,0.0,0.0,10.6,0.0,0,0.0,0.6,54.6
347,2024-01-01,09:00,Monday,January,SP Manweb,6,27,very low,0.8,0.0,0.0,6.7,17.9,0,1.7,1.6,71.3
348,2024-01-01,09:00,Monday,January,WPD South Wales,7,133,moderate,2.2,0.0,0.7,33.0,9.7,0,0.3,3.0,51.2
349,2024-01-01,09:00,Monday,January,WPD West Midlands,8,32,very low,4.7,0.0,1.5,6.5,20.8,0,0.6,2.4,63.5
350,2024-01-01,09:00,Monday,January,WPD East Midlands,9,64,low,12.1,0.0,2.5,12.1,6.5,0,0.0,2.8,64.0
351,2024-01-01,09:00,Monday,January,UKPN East,10,15,very low,0.0,0.0,9.6,2.4,19.9,0,0.1,2.7,65.2
352,2024-01-01,09:00,Monday,January,WPD South West,11,160,moderate,1.7,0.0,21.7,38.9,1.1,0,0.5,12.4,23.6
353,2024-01-01,09:00,Monday,January,SSE South,12,82,low,3.0,0.0,38.2,17.9,2.2,0,0.8,5.0,32.9
354,2024-01-01,09:00,Monday,January,UKPN London,13,42,low,0.0,0.0,41.3,8.0,6.8,0,0.9,1.9,41.2
355,2024-01-01,09:00,Monday,January,UKPN South East,14,61,low,0.0,0.0,64.4,12.0,0.0,0,1.4,1.1,21.2
356,2024-01-01,09:00,Monday,January,England,15,50,low,6.6,0.0,15.1,9.7,16.4,0,0.8,2.6,48.7
357,2024-01-01,09:00,Monday,January,Scotland,16,9,very low,1.6,0.0,0.0,1.8,24.6,0,14.4,0.2,57.5
358,2024-01-01,09:00,Monday,January,Wales,17,64,low,0.5,0.0,0.0,16.2,6.2,0,4.5,1.7,70.9
359,2024-01-01,09:00,Monday,January,GB,18,46,low,5.6,0.0,12.4,9.1,16.9,0,2.7,2.3,51.1
360,2024-01-01,09:30,Monday,January,Scottish Hydro Electric Power Distribution,1,0,very low,0.0,0.0,0.0,0.0,0.3,0,41.2,0.0,58.5
361,2024-01-01,09:30,Monday,January,SP Distribution,2,12,very low,1.9,0.0,0.0,2.6,35.6,0,1.5,0.3,58.2
362,2024-01-01,09:30,Monday,January,Electricity North West,3,8,very low,2.6,0.0,0.0,1.3,41.8,0,0.1,0.4,53.7
363,2024-01-01,09:30,Monday,January,NPG North East,4,19,very low,10.7,0.0,0.0,1.6,60.7,0,0.2,1.5,25.3
364,2024-01-01,09:30,Monday,January,NPG Yorkshire,5,82,low,31.9,0.0,0.0,11.0,0.0,0,0.0,1.2,55.9
365,2024-01-01,09:30,Monday,January,SP Manweb,6,29,very low,1.1,0.0,0.0,6.9,17.8,0,2.3,3.8,68.1
366,2024-01-01,09:30,Monday,January,WPD South Wales,7,147,moderate,1.8,0.0,3.5,36.4,7.7,0,0.3,6.2,44.2
367,2024-01-01,09:30,Monday,January,WPD West Midlands,8,39,low,3.7,0.0,7.0,8.0,18.5,0,0.6,5.7,56.3
368,2024-01-01,09:30,Monday,January,WPD East Midlands,9,61,low,7.2,0.0,7.5,12.2,6.8,0,0.0,5.7,60.6
369,2024-01-01,09:30,Monday,January,UKPN East,10,22,very low,0.0,0.0,19.2,2.7,17.3,0,0.1,4.8,56.0
370,2024-01-01,09:30,Monday,January,WPD South West,11,150,moderate,0.5,0.0,20.4,36.7,0.8,0,0.3,23.5,17.7
371,2024-01-01,09:30,Monday,January,SSE South,12,79,low,1.1,0.0,42.4,17.2,2.2,0,0.8,9.8,26.5
372,2024-01-01,09:30,Monday,January,UKPN London,13,45,low,0.0,0.0,46.9,8.2,6.4,0,0.8,3.2,34.5
373,2024-01-01,09:30,Monday,January,UKPN South East,14,59,low,0.0,0.0,64.5,11.7,0.0,0,1.3,2.2,20.3
374,2024-01-01,09:30,Monday,January,England,15,50,low,5.9,0.0,17.4,9.5,15.9,0,0.5,5.1,45.7
375,2024-01-01,09:30,Monday,January,Scotland,16,10,very low,1.6,0.0,0.0,2.1,26.8,0,13.9,0.2,55.3
376,2024-01-01,09:30,Monday,January,Wales,17,82,low,0.4,0.0,0.0,20.8,4.2,0,4.5,3.8,66.4
377,2024-01-01,09:30,Monday,January,GB,18,47,low,5.0,0.0,14.2,9.2,16.6,0,2.4,4.4,48.2
378,2024-01-01,10:00,Monday,January,Scottish Hydro Electric Power Distribution,1,0,very low,0.0,0.0,0.0,0.0,1.5,0,41.7,0.0,56.7
379,2024-01-01,10:00,Monday,January,SP Distribution,2,15,very low,2.4,0.0,0.0,3.1,41.9,0,0.0,0.7,51.9
380,2024-01-01,10:00,Monday,January,Electricity North West,3,13,very low,3.7,0.0,0.0,2.1,42.0,0,0.0,0.9,51.3
381,2024-01-01,10:00,Monday,January,NPG North East,4,27,very low,14.1,0.0,0.0,2.7,55.9,0,0.0,2.4,25.0
382,2024-01-01,10:00,Monday,January,NPG Yorkshire,5,86,low,32.2,0.0,0.0,11.9,0.0,0,0.0,1.7,54.2
383,2024-01-01,10:00,Monday,January,SP Manweb,6,33,very low,1.4,0.0,0.0,7.9,17.4,0,3.5,6.1,63.7
384,2024-01-01,10:00,Monday,January,WPD South Wales,7,174,moderate,1.5,0.0,3.5,43.4,5.6,0,0.3,8.8,37.0
385,2024-01-01,10:00,Monday,January,WPD West Midlands,8,43,low,3.6,0.0,8.6,9.1,16.8,0,0.7,9.1,52.0
386,2024-01-01,10:00,Monday,January,WPD East Midlands,9,61,low,5.7,0.0,7.9,12.4,6.8,0,0.0,8.7,58.5
387,2024-01-01,10:00,Monday,January,UKPN East,10,21,very low,0.0,0.0,19.1,2.5,16.9,0,0.1,6.6,54.9
388,2024-01-01,10:00,Monday,January,WPD South West,11,166,moderate,0.3,0.0,15.5,41.2,0.5,0,0.2,27.5,14.7
389,2024-01-01,10:00,Monday,January,SSE South,12,80,low,0.7,0.0,41.5,17.6,2.0,0,0.8,13.4,23.9
390,2024-01-01,10:00,Monday,January,UKPN London,13,44,low,0.0,0.0,46.8,7.9,6.5,0,0.8,4.6,33.4
391,2024-01-01,10:00,Monday,January,UKPN South East,14,58,low,0.0,0.0,64.2,11.4,0.0,0,1.2,3.3,19.8
392,2024-01-01,10:00,Monday,January,England,15,52,low,6.1,0.0,17.2,10.0,15.5,0,0.4,7.3,43.5
393,2024-01-01,10:00,Monday,January,Scotland,16,12,very low,1.8,0.0,0.0,2.4,27.3,0,14.3,0.5,53.7
394,2024-01-01,10:00,Monday,January,Wales,17,116,moderate,0.3,0.0,0.2,29.3,2.5,0,5.6,6.0,56.1
395,2024-01-01,10:00,Monday,January,GB,18,51,low,5.2,0.0,14.0,10.1,16.3,0,2.5,6.3,45.6
396,2024-01-01,10:30,Monday,January,Scottish Hydro Electric Power Distribution,1,1,very low,0.1,0.0,0.0,0.2,2.8,0,40.6,0.0,56.2
397,2024-01-01,10:30,Monday,January,SP Distribution,2,18,very low,2.6,0.0,0.0,3.7,42.8,0,0.0,1.1,49.8
398,2024-01-01,10:30,Monday,January,Electricity North West,3,21,very low,5.2,0.0,0.2,3.7,40.9,0,0.0,1.3,48.7
399,2024-01-01,10:30,Monday,January,NPG North East,4,34,very low,16.5,0.0,2.7,3.6,50.5,0,0.0,3.4,23.4
400,2024-01-01,10:30,Monday,January,NPG Yorkshire,5,93,low,34.8,0.0,0.0,13.1,0.0,0,0.0,2.0,50.1
401,2024-01-01,10:30,Monday,January,SP Manweb,6,39,low,1.8,0.0,0.0,9.5,17.8,0,5.8,7.9,57.2
402,2024-01-01,10:30,Monday,January,WPD South Wales,7,179,moderate,1.7,0.0,4.3,44.6,4.8,0,0.3,11.2,33.1
403,2024-01-01,10:30,Monday,January,WPD West Midlands,8,50,low,4.1,0.0,10.3,10.5,15.8,0,0.9,11.4,46.9
404,2024-01-01,10:30,Monday,January,WPD East Midlands,9,61,low,6.1,0.0,7.9,12.4,6.4,0,0.0,10.5,56.8
405,2024-01-01,10:30,Monday,January,UKPN East,10,20,very low,0.0,0.0,19.1,2.1,16.9,0,0.1,7.5,54.3
406,2024-01-01,10:30,Monday,January,WPD South West,11,279,very high,0.0,0.0,2.3,70.6,0.0,0,0.0,20.6,6.4
407,2024-01-01,10:30,Monday,January,SSE South,12,85,low,0.5,0.0,41.6,19.0,1.8,0,0.7,15.5,20.8
408,2024-01-01,10:30,Monday,January,UKPN London,13,41,low,0.0,0.0,47.6,7.2,6.4,0,0.7,5.4,32.6
409,2024-01-01,10:30,Monday,January,UKPN South East,14,54,low,0.0,0.0,65.0,10.3,0.0,0,1.2,4.1,19.4
410,2024-01-01,10:30,Monday,January,England,15,63,low,6.7,0.0,16.7,12.6,14.7,0,0.2,8.2,40.7
411,2024-01-01,10:30,Monday,January,Scotland,16,13,very low,2.0,0.0,0.0,2.8,28.3,0,13.9,0.7,52.3
412,2024-01-01,10:30,Monday,January,Wales,17,121,moderate,0.6,0.0,0.8,30.5,2.0,0,9.7,7.8,48.6
413,2024-01-01,10:30,Monday,January,GB,18,60,low,5.7,0.0,13.7,12.4,15.7,0,2.5,7.2,42.7
414,2024-01-01,11:00,Monday,January,Scottish Hydro Electric Power Distribution,1,1,very low,0.2,0.0,0.0,0.3,4.4,0,40.6,0.1,54.4
415,2024-01-01,11:00,Monday,January,SP Distribution,2,24,very low,3.2,0.0,0.1,5.0,43.9,0,0.0,1.4,46.3
416,2024-01-01,11:00,Monday,January,Electricity North West,3,24,very low,6.3,0.0,0.5,4.3,41.8,0,0.0,1.7,45.5
417,2024-01-01,11:00,Monday,January,NPG North East,4,39,low,16.8,0.0,5.7,4.7,48.9,0,0.0,3.7,20.2
418,2024-01-01,11:00,Monday,January,NPG Yorkshire,5,115,moderate,34.2,0.0,0.0,18.8,0.0,0,0.0,2.1,44.9
419,2024-01-01,11:00,Monday,January,SP Manweb,6,49,low,2.1,0.0,0.1,11.7,18.2,0,10.4,8.7,48.8
420,2024-01-01,11:00,Monday,January,WPD South Wales,7,257,high,1.1,0.0,1.9,64.8,2.0,0,0.3,8.1,21.8
421,2024-01-01,11:00,Monday,January,WPD West Midlands,8,59,low,5.4,0.0,8.9,12.6,15.5,0,1.5,11.7,44.4
422,2024-01-01,11:00,Monday,January,WPD East Midlands,9,71,low,8.1,0.0,6.9,14.6,5.6,0,0.0,11.1,53.8
423,2024-01-01,11:00,Monday,January,UKPN East,10,22,very low,0.0,0.0,19.0,2.6,16.7,0,0.1,8.0,53.7
424,2024-01-01,11:00,Monday,January,WPD South West,11,246,high,0.2,0.0,6.7,61.9,0.2,0,0.1,21.0,9.9
425,2024-01-01,11:00,Monday,January,SSE South,12,105,low,1.0,0.0,37.9,24.1,1.7,0,0.6,14.4,20.4
426,2024-01-01,11:00,Monday,January,UKPN London,13,50,low,0.0,0.0,46.3,9.6,6.4,0,0.7,5.7,31.3
427,2024-01-01,11:00,Monday,January,UKPN South East,14,67,low,0.0,0.0,62.9,13.7,0.0,0,1.1,4.4,17.9
428,2024-01-01,11:00,Monday,January,England,15,69,low,7.2,0.0,16.6,14.0,14.4,0,0.2,8.5,38.9
429,2024-01-01,11:00,Monday,January,Scotland,16,19,very low,2.1,0.0,0.0,4.1,28.1,0,15.6,0.9,49.2
430,2024-01-01,11:00,Monday,January,Wales,17,187,moderate,0.1,0.0,0.0,47.3,0.2,0,10.6,7.1,34.7
431,2024-01-01,11:00,Monday,January,GB,18,70,low,6.1,0.0,13.5,14.7,15.4,0,2.8,7.4,40.0
432,2024-01-01,11:30,Monday,January,Scottish Hydro Electric Power Distribution,1,2,very low,0.3,0.0,0.1,0.5,5.6,0,43.0,0.2,50.3
433,2024-01-01,11:30,Monday,January,SP Distribution,2,26,very low,3.4,0.0,1.5,5.5,45.6,0,0.0,1.9,42.1
434,2024-01-01,11:30,Monday,January,Electricity North West,3,28,very low,6.5,0.0,2.9,5.0,42.6,0,0.0,2.0,41.0
435,2024-01-01,11:30,Monday,January,NPG North East,4,29,very low,12.5,0.0,22.8,3.1,44.2,0,0.0,3.5,13.8
436,2024-01-01,11:30,Monday,January,NPG Yorkshire,5,126,moderate,33.8,0.0,0.0,21.6,0.0,0,0.0,2.2,42.3
437,2024-01-01,11:30,Monday,January,SP Manweb,6,57,low,2.4,0.0,1.1,13.7,18.8,0,12.8,9.1,42.1
438,2024-01-01,11:30,Monday,January,WPD South Wales,7,285,very high,1.0,0.0,1.5,71.9,0.9,0,0.1,6.2,18.4
439,2024-01-01,11:30,Monday,January,WPD West Midlands,8,69,low,6.2,0.0,9.2,15.0,14.9,0,1.5,11.6,41.5
440,2024-01-01,11:30,Monday,January,WPD East Midlands,9,83,low,9.3,0.0,6.1,17.3,5.1,0,0.0,11.2,51.1
441,2024-01-01,11:30,Monday,January,UKPN East,10,23,very low,0.0,0.0,18.8,3.0,16.8,0,0.1,8.2,53.1
442,2024-01-01,11:30,Monday,January,WPD South West,11,299,very high,0.1,0.0,2.2,75.6,0.1,0,0.1,14.5,7.4
443,2024-01-01,11:30,Monday,January,SSE South,12,121,moderate,1.2,0.0,36.0,28.2,1.6,0,0.7,13.2,19.2
444,2024-01-01,11:30,Monday,January,UKPN London,13,55,low,0.0,0.0,45.6,10.7,6.0,0,0.8,6.0,31.0
445,2024-01-01,11:30,Monday,January,UKPN South East,14,74,low,0.0,0.0,62.1,15.4,0.0,0,1.2,4.5,16.8
446,2024-01-01,11:30,Monday,January,England,15,77,low,7.3,0.0,17.7,16.0,14.0,0,0.3,8.2,36.5
447,2024-01-01,11:30,Monday,January,Scotland,16,22,very low,2.2,0.0,0.0,5.0,27.4,0,18.6,1.1,45.8
448,2024-01-01,11:30,Monday,January,Wales,17,232,high,0.0,0.0,0.0,58.9,0.0,0,8.8,5.9,26.4
449,2024-01-01,11:30,Monday,January,GB,18,80,low,6.2,0.0,14.3,17.3,14.8,0,3.2,7.2,37.1
450,2024-01-01,12:00,Monday,January,Scottish Hydro Electric Power Distribution,1,4,very low,0.5,0.0,0.4,0.8,6.5,0,42.7,0.2,48.9
451,2024-01-01,12:00,Monday,January,SP Distribution,2,29,very low,3.7,0.0,2.8,6.2,46.0,0,0.0,2.0,39.4
452,2024-01-01,12:00,Monday,January,Electricity North West,3,40,low,7.2,0.0,3.8,7.9,42.9,0,0.0,2.0,36.2
453,2024-01-01,12:00,Monday,January,NPG North East,4,27,very low,11.8,0.0,25.9,2.9,44.3,0,0.0,3.2,11.9
454,2024-01-01,12:00,Monday,January,NPG Yorkshire,5,136,moderate,32.9,0.0,0.0,24.5,0.0,0,0.0,2.0,40.6
455,2024-01-01,12:00,Monday,January,SP Manweb,6,67,low,2.6,0.0,1.5,16.1,19.2,0,14.1,8.9,37.5
456,2024-01-01,12:00,Monday,January,WPD South Wales,7,343,very high,0.0,0.0,0.0,87.2,0.1,0,0.0,2.4,10.4
457,2024-01-01,12:00,Monday,January,WPD West Midlands,8,89,low,6.5,0.0,9.6,19.8,14.2,0,1.3,10.6,38.0
458,2024-01-01,12:00,Monday,January,WPD East Midlands,9,82,low,10.0,0.0,6.1,16.9,4.5,0,0.0,10.6,51.9
459,2024-01-01,12:00,Monday,January,UKPN East,10,26,very low,0.0,0.0,19.0,3.6,16.8,0,0.1,7.5,53.0
460,2024-01-01,12:00,Monday,January,WPD South West,11,294,very high,0.1,0.0,3.9,74.3,0.2,0,0.1,12.1,9.3
461,2024-01-01,12:00,Monday,January,SSE South,12,137,moderate,1.2,0.0,35.3,32.3,1.6,0,0.7,10.7,18.2
462,2024-01-01,12:00,Monday,January,UKPN London,13,64,low,0.0,0.0,45.3,13.2,6.1,0,0.8,5.3,29.2
463,2024-01-01,12:00,Monday,January,UKPN South East,14,86,low,0.0,0.0,60.3,18.7,0.0,0,1.2,4.0,15.8
464,2024-01-01,12:00,Monday,January,England,15,84,low,7.4,0.0,17.8,17.6,14.0,0,0.3,7.4,35.5
465,2024-01-01,12:00,Monday,January,Scotland,16,32,very low,2.0,0.0,0.0,7.5,26.8,0,19.3,1.2,43.3
466,2024-01-01,12:00,Monday,January,Wales,17,267,high,0.0,0.0,0.0,67.9,0.1,0,8.5,3.8,19.7
467,2024-01-01,12:00,Monday,January,GB,18,89,low,6.2,0.0,14.4,19.7,14.7,0,3.3,6.3,35.4
468,2024-01-01,12:30,Monday,January,Scottish Hydro Electric Power Distribution,1,5,very low,0.6,0.0,0.8,1.0,7.7,0,42.1,0.3,47.5
469,2024-01-01,12:30,Monday,January,SP Distribution,2,35,low,4.4,0.0,6.0,7.4,48.7,0,0.0,1.9,31.5
470,2024-01-01,12:30,Monday,January,Electricity North West,3,46,low,8.5,0.0,7.1,8.9,44.8,0,0.0,1.9,28.7
471,2024-01-01,12:30,Monday,January,NPG North East,4,26,very low,10.2,0.0,37.2,2.8,38.3,0,0.0,2.4,8.9
472,2024-01-01,12:30,Monday,January,NPG Yorkshire,5,148,moderate,32.8,0.0,0.0,27.6,0.0,0,0.0,1.6,38.0
473,2024-01-01,12:30,Monday,January,SP Manweb,6,82,low,3.1,0.0,2.9,19.8,19.0,0,15.8,7.8,31.5
474,2024-01-01,12:30,Monday,January,WPD South Wales,7,341,very high,0.0,0.0,0.0,86.5,0.0,0,0.0,1.3,12.2
475,2024-01-01,12:30,Monday,January,WPD West Midlands,8,115,moderate,7.0,0.0,10.3,26.2,12.2,0,1.1,8.9,34.3
476,2024-01-01,12:30,Monday,January,WPD East Midlands,9,95,low,10.8,0.0,5.9,20.0,3.8,0,0.0,9.2,50.2
477,2024-01-01,12:30,Monday,January,UKPN East,10,30,very low,0.0,0.0,19.1,4.7,17.3,0,0.1,6.6,52.2
478,2024-01-01,12:30,Monday,January,WPD South West,11,302,very high,0.1,0.0,3.4,76.3,0.3,0,0.1,9.5,10.3
479,2024-01-01,12:30,Monday,January,SSE South,12,163,moderate,1.2,0.0,33.1,38.9,1.6,0,0.6,8.0,16.6
480,2024-01-01,12:30,Monday,January,UKPN London,13,69,low,0.0,0.0,45.4,14.4,6.5,0,0.7,4.5,28.4
481,2024-01-01,12:30,Monday,January,UKPN South East,14,91,low,0.0,0.0,59.9,19.7,0.0,0,1.1,3.4,15.9
482,2024-01-01,12:30,Monday,January,England,15,91,low,7.7,0.0,19.1,19.3,14.0,0,0.2,6.2,33.4
483,2024-01-01,12:30,Monday,January,Scotland,16,57,low,2.4,0.0,0.9,13.6,26.2,0,19.2,1.5,36.1
484,2024-01-01,12:30,Monday,January,Wales,17,279,very high,0.0,0.0,0.0,70.9,0.4,0,8.5,2.6,17.6
485,2024-01-01,12:30,Monday,January,GB,18,100,low,6.5,0.0,15.4,22.3,14.6,0,3.2,5.3,32.7
486,2024-01-01,13:00,Monday,January,Scottish Hydro Electric Power Distribution,1,7,very low,1.0,0.0,1.8,1.5,12.1,0,40.9,0.4,42.3
487,2024-01-01,13:00,Monday,January,SP Distribution,2,33,very low,4.7,0.0,8.1,6.8,49.8,0,0.0,1.7,28.9
488,2024-01-01,13:00,Monday,January,Electricity North West,3,48,low,10.3,0.0,8.0,9.0,45.4,0,0.0,1.5,25.7
489,2024-01-01,13:00,Monday,January,NPG North East,4,26,very low,10.0,0.0,38.3,2.8,39.0,0,0.0,1.9,8.0
490,2024-01-01,13:00,Monday,January,NPG Yorkshire,5,144,moderate,35.4,0.0,0.0,25.7,0.0,0,0.0,1.3,37.6
491,2024-01-01,13:00,Monday,January,SP Manweb,6,89,low,3.8,0.0,3.3,21.4,17.7,0,19.7,5.9,28.3
492,2024-01-01,13:00,Monday,January,WPD South Wales,7,330,very high,0.0,0.0,0.0,83.6,0.0,0,0.0,1.0,15.4
493,2024-01-01,13:00,Monday,January,WPD West Midlands,8,138,moderate,7.9,0.0,9.4,32.0,11.2,0,0.9,6.6,32.0
494,2024-01-01,13:00,Monday,January,WPD East Midlands,9,165,moderate,9.3,0.0,3.9,38.5,3.4,0,0.0,5.9,38.9
495,2024-01-01,13:00,Monday,January,UKPN East,10,33,very low,0.0,0.0,19.1,5.2,17.8,0,0.1,5.2,52.6
496,2024-01-01,13:00,Monday,January,WPD South West,11,290,very high,0.3,0.0,5.9,73.2,0.4,0,0.1,7.3,12.7
497,2024-01-01,13:00,Monday,January,SSE South,12,165,moderate,1.9,0.0,32.0,39.4,1.6,0,0.5,5.9,18.6
498,2024-01-01,13:00,Monday,January,UKPN London,13,63,low,0.0,0.0,45.5,12.8,6.7,0,0.6,3.7,30.7
499,2024-01-01,13:00,Monday,January,UKPN South East,14,83,low,0.0,0.0,62.7,17.7,0.0,0,1.0,2.6,15.9
500,2024-01-01,13:00,Monday,January,England,15,107,low,8.1,0.0,18.9,23.3,14.0,0,0.2,4.5,31.0
501,2024-01-01,13:00,Monday,January,Scotland,16,56,low,2.8,0.0,2.1,13.1,25.5,0,19.2,1.5,35.7
502,2024-01-01,13:00,Monday,January,Wales,17,251,high,0.4,0.0,1.0,63.6,0.2,0,11.4,2.2,21.1
503,2024-01-01,13:00,Monday,January,GB,18,109,low,7.0,0.0,15.7,24.5,14.6,0,3.3,4.0,31.0
504,2024-01-01,13:30,Monday,January,Scottish Hydro Electric Power Distribution,1,6,very low,1.2,0.0,3.1,1.2,12.1,0,42.7,0.3,39.3
505,2024-01-01,13:30,Monday,January,SP Distribution,2,26,very low,4.9,0.0,13.0,5.0,50.3,0,0.0,1.3,25.4
506,2024-01-01,13:30,Monday,January,Electricity North West,3,49,low,10.4,0.0,11.6,9.0,46.7,0,0.0,1.1,21.3
507,2024-01-01,13:30,Monday,January,NPG North East,4,14,very low,7.5,0.0,48.2,0.5,38.7,0,0.0,1.2,3.9
508,2024-01-01,13:30,Monday,January,NPG Yorkshire,5,129,moderate,39.7,0.0,0.0,20.7,0.0,0,0.0,1.0,38.6
509,2024-01-01,13:30,Monday,January,SP Manweb,6,112,moderate,3.4,0.0,4.2,27.4,16.9,0,21.6,3.6,22.9
510,2024-01-01,13:30,Monday,January,WPD South Wales,7,350,very high,0.0,0.0,0.0,88.9,0.0,0,0.0,0.4,10.7
511,2024-01-01,13:30,Monday,January,WPD West Midlands,8,188,moderate,7.4,0.0,7.2,45.0,10.0,0,0.6,3.5,26.5
512,2024-01-01,13:30,Monday,January,WPD East Midlands,9,169,moderate,11.3,0.0,3.6,39.0,3.6,0,0.0,4.0,38.5
513,2024-01-01,13:30,Monday,January,UKPN East,10,30,very low,0.0,0.0,20.4,4.4,18.2,0,0.1,3.6,53.4
514,2024-01-01,13:30,Monday,January,WPD South West,11,263,high,0.8,0.0,10.0,65.9,0.5,0,0.2,5.4,17.3
515,2024-01-01,13:30,Monday,January,SSE South,12,165,moderate,2.6,0.0,33.1,39.0,1.6,0,0.5,3.9,19.3
516,2024-01-01,13:30,Monday,January,UKPN London,13,75,low,0.0,0.0,45.7,15.8,6.4,0,0.7,2.4,29.0
517,2024-01-01,13:30,Monday,January,UKPN South East,14,102,low,0.0,0.0,60.3,22.5,0.0,0,1.0,1.6,14.5
518,2024-01-01,13:30,Monday,January,England,15,109,low,8.8,0.0,20.3,23.7,14.3,0,0.3,2.9,29.6
519,2024-01-01,13:30,Monday,January,Scotland,16,72,low,2.7,0.0,2.3,17.3,24.0,0,19.2,1.1,33.3
520,2024-01-01,13:30,Monday,January,Wales,17,264,high,0.0,0.0,0.0,67.1,0.0,0,14.6,1.1,17.2
521,2024-01-01,13:30,Monday,January,GB,18,114,moderate,7.5,0.0,16.8,25.5,14.6,0,3.6,2.6,29.3
522,2024-01-01,14:00,Monday,January,Scottish Hydro Electric Power Distribution,1,6,very low,1.2,0.0,2.9,1.1,10.2,0,50.9,0.2,33.6
523,2024-01-01,14:00,Monday,January,SP Distribution,2,27,very low,5.5,0.0,13.8,5.0,50.2,0,0.0,1.0,24.5
524,2024-01-01,14:00,Monday,January,Electricity North West,3,55,low,10.9,0.0,12.1,10.5,46.0,0,0.0,0.8,19.8
525,2024-01-01,14:00,Monday,January,NPG North East,4,15,very low,8.2,0.0,48.5,0.6,38.4,0,0.0,0.8,3.6
526,2024-01-01,14:00,Monday,January,NPG Yorkshire,5,128,moderate,40.0,0.0,0.0,20.4,0.0,0,0.0,0.7,38.9
527,2024-01-01,14:00,Monday,January,SP Manweb,6,103,low,3.0,0.0,3.6,25.1,14.9,0,30.5,1.8,21.1
528,2024-01-01,14:00,Monday,January,WPD South Wales,7,347,very high,0.0,0.0,0.0,88.1,0.0,0,0.0,0.3,11.7
529,2024-01-01,14:00,Monday,January,WPD West Midlands,8,196,high,7.3,0.0,6.9,47.1,10.4,0,0.3,2.0,25.9
530,2024-01-01,14:00,Monday,January,WPD East Midlands,9,170,moderate,11.9,0.0,3.8,39.0,3.4,0,0.0,2.6,39.3
531,2024-01-01,14:00,Monday,January,UKPN East,10,33,very low,0.0,0.0,20.6,4.9,18.6,0,0.1,2.3,53.4
532,2024-01-01,14:00,Monday,January,WPD South West,11,260,high,0.9,0.0,11.3,65.1,0.6,0,0.3,3.4,18.5
533,2024-01-01,14:00,Monday,January,SSE South,12,178,moderate,2.5,0.0,31.8,42.5,1.6,0,0.7,2.2,18.7
534,2024-01-01,14:00,Monday,January,UKPN London,13,74,low,0.0,0.0,46.1,15.5,6.5,0,0.9,1.5,29.5
535,2024-01-01,14:00,Monday,January,UKPN South East,14,98,low,0.0,0.0,60.6,21.5,0.0,0,1.4,1.0,15.5
536,2024-01-01,14:00,Monday,January,England,15,110,moderate,9.0,0.0,20.6,23.7,14.4,0,0.7,1.8,29.8
537,2024-01-01,14:00,Monday,January,Scotland,16,77,low,2.4,0.0,1.7,18.7,21.8,0,24.9,0.7,30.0
538,2024-01-01,14:00,Monday,January,Wales,17,257,high,0.0,0.0,0.0,65.1,0.0,0,19.5,0.5,14.9
539,2024-01-01,14:00,Monday,January,GB,18,115,moderate,7.5,0.0,16.7,25.7,14.4,0,5.2,1.6,28.8
540,2024-01-01,14:30,Monday,January,Scottish Hydro Electric Power Distribution,1,5,very low,1.1,0.0,2.6,0.8,8.9,0,56.0,0.1,30.4
541,2024-01-01,14:30,Monday,January,SP Distribution,2,27,very low,6.0,0.0,14.4,4.7,49.8,0,0.0,0.5,24.6
542,2024-01-01,14:30,Monday,January,Electricity North West,3,51,low,12.7,0.0,11.9,8.9,46.6,0,0.0,0.4,19.5
543,2024-01-01,14:30,Monday,January,NPG North East,4,19,very low,8.9,0.0,46.9,1.2,37.5,0,0.0,0.4,5.0
544,2024-01-01,14:30,Monday,January,NPG Yorkshire,5,119,moderate,42.3,0.0,0.0,17.3,0.0,0,0.0,0.3,40.1
545,2024-01-01,14:30,Monday,January,SP Manweb,6,71,low,3.5,0.0,3.7,16.9,13.6,0,39.7,0.5,22.1
546,2024-01-01,14:30,Monday,January,WPD South Wales,7,328,very high,0.0,0.0,0.0,83.2,0.0,0,0.0,0.2,16.6
547,2024-01-01,14:30,Monday,January,WPD West Midlands,8,181,moderate,7.0,0.0,9.3,43.0,10.8,0,1.5,0.9,27.4
548,2024-01-01,14:30,Monday,January,WPD East Midlands,9,183,moderate,9.7,0.0,4.7,42.7,3.1,0,0.0,1.1,38.7
549,2024-01-01,14:30,Monday,January,UKPN East,10,37,low,0.0,0.0,20.6,6.1,19.4,0,0.1,1.0,52.8
550,2024-01-01,14:30,Monday,January,WPD South West,11,261,high,0.6,0.0,11.8,65.3,0.6,0,0.3,1.5,19.9
551,2024-01-01,14:30,Monday,January,SSE South,12,195,high,1.6,0.0,31.2,47.0,1.6,0,0.8,0.8,17.0
552,2024-01-01,14:30,Monday,January,UKPN London,13,84,low,0.0,0.0,45.1,18.0,7.3,0,1.1,0.6,27.9
553,2024-01-01,14:30,Monday,January,UKPN South East,14,108,low,0.0,0.0,57.9,24.2,0.0,0,1.6,0.4,15.9
554,2024-01-01,14:30,Monday,January,England,15,108,low,9.4,0.0,20.8,23.0,14.6,0,1.1,0.8,30.3
555,2024-01-01,14:30,Monday,January,Scotland,16,80,low,2.0,0.0,1.4,19.7,20.1,0,28.5,0.3,28.0
556,2024-01-01,14:30,Monday,January,Wales,17,233,high,0.0,0.0,0.0,59.0,0.1,0,27.1,0.2,13.6
557,2024-01-01,14:30,Monday,January,GB,18,113,moderate,7.7,0.0,16.6,25.1,14.4,0,6.8,0.7,28.8
558,2024-01-01,15:00,Monday,January,Scottish Hydro Electric Power Distribution,1,4,very low,0.9,0.0,2.4,0.7,8.6,0,56.5,0.0,30.8
559,2024-01-01,15:00,Monday,January,SP Distribution,2,25,very low,5.5,0.0,13.9,4.4,49.2,0,0.0,0.1,26.8
560,2024-01-01,15:00,Monday,January,Electricity North West,3,55,low,12.3,0.0,11.9,9.9,45.4,0,0.0,0.1,20.4
561,2024-01-01,15:00,Monday,January,NPG North East,4,17,very low,8.3,0.0,47.7,1.0,39.1,0,0.0,0.1,3.8
562,2024-01-01,15:00,Monday,January,NPG Yorkshire,5,129,moderate,44.4,0.0,0.0,19.2,0.0,0,0.0,0.1,36.3
563,2024-01-01,15:00,Monday,January,SP Manweb,6,62,low,3.1,0.0,3.4,14.7,12.8,0,42.0,0.1,23.9
564,2024-01-01,15:00,Monday,January,WPD South Wales,7,326,very high,0.0,0.0,0.0,82.8,0.0,0,0.0,0.0,17.2
565,2024-01-01,15:00,Monday,January,WPD West Midlands,8,180,moderate,8.9,0.0,7.8,42.4,11.8,0,2.7,0.2,26.2
566,2024-01-01,15:00,Monday,January,WPD East Midlands,9,204,high,12.6,0.0,3.1,47.4,2.7,0,0.0,0.2,34.0
567,2024-01-01,15:00,Monday,January,UKPN East,10,40,low,0.0,0.0,20.9,6.8,19.8,0,0.1,0.2,52.1
568,2024-01-01,15:00,Monday,January,WPD South West,11,265,high,1.1,0.0,11.7,66.3,0.6,0,0.3,0.3,19.7
569,2024-01-01,15:00,Monday,January,SSE South,12,200,high,2.7,0.0,29.4,48.2,1.6,0,0.8,0.2,17.2
570,2024-01-01,15:00,Monday,January,UKPN London,13,83,low,0.0,0.0,45.0,17.7,7.5,0,1.1,0.1,28.4
571,2024-01-01,15:00,Monday,January,UKPN South East,14,106,low,0.0,0.0,58.3,23.8,0.0,0,1.7,0.1,16.2
572,2024-01-01,15:00,Monday,January,England,15,114,moderate,10.1,0.0,20.6,24.5,14.6,0,0.8,0.2,29.2
573,2024-01-01,15:00,Monday,January,Scotland,16,73,low,1.9,0.0,1.1,17.9,20.1,0,28.8,0.1,30.1
574,2024-01-01,15:00,Monday,January,Wales,17,204,high,0.0,0.0,0.0,51.7,0.3,0,34.1,0.0,13.9
575,2024-01-01,15:00,Monday,January,GB,18,116,moderate,8.2,0.0,16.3,25.8,14.2,0,7.3,0.1,28.1
576,2024-01-01,15:30,Monday,January,Scottish Hydro Electric Power Distribution,1,4,very low,1.0,0.0,2.3,0.7,7.7,0,55.8,0.0,32.5
577,2024-01-01,15:30,Monday,January,SP Distribution,2,24,very low,6.1,0.0,13.6,4.1,45.2,0,0.0,0.0,31.0
578,2024-01-01,15:30,Monday,January,Electricity North West,3,55,low,12.6,0.0,11.0,10.0,43.1,0,0.0,0.0,23.3
579,2024-01-01,15:30,Monday,January,NPG North East,4,20,very low,9.4,0.0,46.1,1.6,38.6,0,0.0,0.0,4.2
580,2024-01-01,15:30,Monday,January,NPG Yorkshire,5,136,moderate,44.5,0.0,0.0,20.9,0.0,0,0.0,0.0,34.6
581,2024-01-01,15:30,Monday,January,SP Manweb,6,56,low,3.0,0.0,3.0,13.2,11.7,0,40.8,0.0,28.3
582,2024-01-01,15:30,Monday,January,WPD South Wales,7,325,very high,0.0,0.0,0.0,82.5,0.0,0,0.0,0.0,17.5
583,2024-01-01,15:30,Monday,January,WPD West Midlands,8,180,moderate,9.5,0.0,5.9,42.4,12.5,0,3.5,0.0,26.2
584,2024-01-01,15:30,Monday,January,WPD East Midlands,9,212,high,13.7,0.0,1.5,49.4,3.0,0,0.0,0.0,32.5
585,2024-01-01,15:30,Monday,January,UKPN East,10,45,low,0.0,0.0,13.7,9.3,21.1,0,0.1,0.0,55.9
586,2024-01-01,15:30,Monday,January,WPD South West,11,256,high,1.5,0.0,12.3,63.9,0.7,0,0.4,0.0,21.3
587,2024-01-01,15:30,Monday,January,SSE South,12,195,high,3.4,0.0,28.3,46.8,1.6,0,0.8,0.0,19.1
588,2024-01-01,15:30,Monday,January,UKPN London,13,83,low,0.0,0.0,41.5,18.2,7.3,0,1.2,0.0,31.8
589,2024-01-01,15:30,Monday,January,UKPN South East,14,105,low,0.0,0.0,57.5,23.2,0.0,0,1.8,0.0,17.5
590,2024-01-01,15:30,Monday,January,England,15,121,moderate,10.6,0.0,18.6,26.5,14.4,0,0.4,0.0,29.5
591,2024-01-01,15:30,Monday,January,Scotland,16,57,low,2.5,0.0,2.2,13.5,18.2,0,28.8,0.0,34.8
592,2024-01-01,15:30,Monday,January,Wales,17,166,moderate,0.1,0.0,0.1,42.1,0.6,0,37.3,0.0,19.7
593,2024-01-01,15:30,Monday,January,GB,18,116,moderate,8.5,0.0,14.7,26.0,13.8,0,7.6,0.0,29.4
594,2024-01-01,16:00,Monday,January,Scottish Hydro Electric Power Distribution,1,4,very low,1.2,0.0,2.5,0.7,7.4,0,52.5,0.0,35.7
595,2024-01-01,16:00,Monday,January,SP Distribution,2,22,very low,6.1,0.0,13.2,3.6,41.0,0,0.0,0.0,36.1
596,2024-01-01,16:00,Monday,January,Electricity North West,3,47,low,10.5,0.0,9.5,8.6,40.6,0,0.0,0.0,30.8
597,2024-01-01,16:00,Monday,January,NPG North East,4,19,very low,9.8,0.0,46.6,1.2,39.2,0,0.0,0.0,3.2
598,2024-01-01,16:00,Monday,January,NPG Yorkshire,5,145,moderate,44.6,0.0,0.0,23.2,0.2,0,0.0,0.0,32.0
599,2024-01-01,16:00,Monday,January,SP Manweb,6,42,low,2.8,0.0,2.9,9.7,11.1,0,39.3,0.0,34.3
600,2024-01-01,16:00,Monday,January,WPD South Wales,7,312,very high,0.0,0.0,0.0,79.2,0.2,0,0.0,0.0,20.6
601,2024-01-01,16:00,Monday,January,WPD West Midlands,8,157,moderate,9.7,0.0,6.5,36.5,13.8,0,4.8,0.0,28.7
602,2024-01-01,16:00,Monday,January,WPD East Midlands,9,211,high,14.5,0.0,1.8,48.7,3.4,0,0.0,0.0,31.6
603,2024-01-01,16:00,Monday,January,UKPN East,10,56,low,0.0,0.0,14.0,12.0,21.5,0,0.1,0.0,52.4
604,2024-01-01,16:00,Monday,January,WPD South West,11,261,high,1.4,0.0,11.8,65.2,0.7,0,0.3,0.0,20.6
605,2024-01-01,16:00,Monday,January,SSE South,12,198,high,3.3,0.0,28.5,47.4,1.7,0,0.8,0.0,18.3
606,2024-01-01,16:00,Monday,January,UKPN London,13,83,low,0.0,0.0,42.7,18.0,7.4,0,1.1,0.0,30.8
607,2024-01-01,16:00,Monday,January,UKPN South East,14,97,low,0.0,0.0,58.7,21.3,0.0,0,1.6,0.0,18.4
608,2024-01-01,16:00,Monday,January,England,15,123,moderate,10.6,0.0,18.2,26.8,14.4,0,0.4,0.0,29.6
609,2024-01-01,16:00,Monday,January,Scotland,16,46,low,2.7,0.0,2.4,10.8,17.5,0,27.6,0.0,39.0
610,2024-01-01,16:00,Monday,January,Wales,17,144,moderate,0.5,0.0,0.8,36.4,0.9,0,36.4,0.0,25.1
611,2024-01-01,16:00,Monday,January,GB,18,114,moderate,8.7,0.0,14.5,25.4,13.6,0,7.2,0.0,30.5
612,2024-01-01,16:30,Monday,January,Scottish Hydro Electric Power Distribution,1,4,very low,1.2,0.0,2.7,0.6,6.7,0,49.9,0.0,38.9
613,2024-01-01,16:30,Monday,January,SP Distribution,2,20,very low,5.8,0.0,13.1,3.0,37.1,0,0.0,0.0,41.0
614,2024-01-01,16:30,Monday,January,Electricity North West,3,40,low,8.8,0.0,8.4,7.3,38.9,0,0.0,0.0,36.6
615,2024-01-01,16:30,Monday,January,NPG North East,4,18,very low,9.9,0.0,47.8,0.7,39.4,0,0.0,0.0,2.2
616,2024-01-01,16:30,Monday,January,NPG Yorkshire,5,156,moderate,44.2,0.0,0.0,26.2,0.8,0,0.0,0.0,28.8
617,2024-01-01,16:30,Monday,January,SP Manweb,6,36,low,2.4,0.0,2.6,8.4,10.5,0,37.0,0.0,39.0
618,2024-01-01,16:30,Monday,January,WPD South Wales,7,296,very high,0.0,0.0,0.0,75.2,0.3,0,0.3,0.0,24.2
619,2024-01-01,16:30,Monday,January,WPD West Midlands,8,131,moderate,9.5,0.0,7.8,29.9,15.2,0,6.9,0.0,30.7
620,2024-01-01,16:30,Monday,January,WPD East Midlands,9,209,high,14.9,0.0,3.6,48.0,3.3,0,0.0,0.0,30.2
621,2024-01-01,16:30,Monday,January,UKPN East,10,84,low,0.0,0.0,19.7,18.0,20.1,0,0.1,0.0,42.1
622,2024-01-01,16:30,Monday,January,WPD South West,11,249,high,1.4,0.0,13.9,62.0,0.9,0,0.4,0.0,21.5
623,2024-01-01,16:30,Monday,January,SSE South,12,188,moderate,3.1,0.0,31.6,44.7,1.8,0,0.8,0.0,18.0
624,2024-01-01,16:30,Monday,January,UKPN London,13,90,low,0.0,0.0,44.7,19.5,7.8,0,1.0,0.0,27.1
625,2024-01-01,16:30,Monday,January,UKPN South East,14,94,low,0.0,0.0,59.4,20.5,0.0,0,1.5,0.0,18.6
626,2024-01-01,16:30,Monday,January,England,15,123,moderate,10.5,0.0,19.4,26.5,14.4,0,0.3,0.0,28.8
627,2024-01-01,16:30,Monday,January,Scotland,16,44,low,2.9,0.0,3.0,10.0,16.4,0,25.9,0.0,41.8
628,2024-01-01,16:30,Monday,January,Wales,17,135,moderate,0.8,0.0,1.5,34.0,0.6,0,33.8,0.0,29.2
629,2024-01-01,16:30,Monday,January,GB,18,113,moderate,8.6,0.0,15.6,24.9,13.5,0,6.8,0.0,30.7
630,2024-01-01,17:00,Monday,January,Scottish Hydro Electric Power Distribution,1,3,very low,0.9,0.0,2.1,0.4,5.2,0,48.8,0.0,42.6
631,2024-01-01,17:00,Monday,January,SP Distribution,2,16,very low,4.8,0.0,11.1,2.3,34.4,0,0.0,0.0,47.4
632,2024-01-01,17:00,Monday,January,Electricity North West,3,35,low,7.2,0.0,8.5,6.6,38.0,0,0.0,0.0,39.5
633,2024-01-01,17:00,Monday,January,NPG North East,4,14,very low,9.2,0.0,48.2,0.0,41.1,0,0.0,0.0,1.4
634,2024-01-01,17:00,Monday,January,NPG Yorkshire,5,158,moderate,45.1,0.0,0.8,26.4,1.7,0,0.0,0.0,26.0
635,2024-01-01,17:00,Monday,January,SP Manweb,6,30,very low,2.0,0.0,2.6,7.0,10.7,0,35.1,0.0,42.6
636,2024-01-01,17:00,Monday,January,WPD South Wales,7,278,very high,0.6,0.0,0.4,70.4,0.3,0,0.3,0.0,28.1
637,2024-01-01,17:00,Monday,January,WPD West Midlands,8,110,moderate,9.4,0.0,6.9,24.7,16.6,0,9.0,0.0,33.5
638,2024-01-01,17:00,Monday,January,WPD East Midlands,9,208,high,17.2,0.0,3.6,46.9,3.1,0,0.0,0.0,29.2
639,2024-01-01,17:00,Monday,January,UKPN East,10,85,low,0.0,0.0,19.7,18.1,21.5,0,0.1,0.0,40.6
640,2024-01-01,17:00,Monday,January,WPD South West,11,237,high,1.9,0.0,14.8,58.6,0.9,0,0.3,0.0,23.5
641,2024-01-01,17:00,Monday,January,SSE South,12,183,moderate,4.0,0.0,31.6,43.2,1.8,0,0.7,0.0,18.6
642,2024-01-01,17:00,Monday,January,UKPN London,13,87,low,0.0,0.0,44.7,18.7,7.8,0,1.0,0.0,27.8
643,2024-01-01,17:00,Monday,January,UKPN South East,14,88,low,0.0,0.0,60.2,18.9,0.0,0,1.5,0.0,19.4
644,2024-01-01,17:00,Monday,January,England,15,119,moderate,10.8,0.0,19.7,25.4,14.7,0,0.3,0.0,29.1
645,2024-01-01,17:00,Monday,January,Scotland,16,36,low,2.6,0.0,2.4,8.1,16.0,0,24.5,0.0,46.5
646,2024-01-01,17:00,Monday,January,Wales,17,126,moderate,0.6,0.0,1.0,31.8,0.3,0,33.9,0.0,32.4
647,2024-01-01,17:00,Monday,January,GB,18,108,low,8.8,0.0,15.7,23.6,13.7,0,6.5,0.0,31.8
648,2024-01-01,17:30,Monday,January,Scottish Hydro Electric Power Distribution,1,2,very low,0.7,0.0,1.5,0.4,3.4,0,45.8,0.0,48.2
649,2024-01-01,17:30,Monday,January,SP Distribution,2,14,very low,4.1,0.0,8.9,2.1,30.3,0,0.0,0.0,54.6
650,2024-01-01,17:30,Monday,January,Electricity North West,3,27,very low,5.1,0.0,8.1,5.3,37.9,0,0.0,0.0,43.6
651,2024-01-01,17:30,Monday,January,NPG North East,4,13,very low,8.2,0.0,46.6,0.0,43.7,0,0.0,0.0,1.4
652,2024-01-01,17:30,Monday,January,NPG Yorkshire,5,143,moderate,48.0,0.0,2.4,21.6,2.8,0,0.0,0.0,25.2
653,2024-01-01,17:30,Monday,January,SP Manweb,6,25,very low,1.5,0.0,3.3,5.5,11.3,0,29.1,0.0,49.3
654,2024-01-01,17:30,Monday,January,WPD South Wales,7,291,very high,0.0,0.0,0.0,73.9,0.0,0,0.0,0.0,26.1
655,2024-01-01,17:30,Monday,January,WPD West Midlands,8,96,low,8.5,0.0,5.3,21.6,18.2,0,8.3,0.0,38.2
656,2024-01-01,17:30,Monday,January,WPD East Midlands,9,216,high,18.7,0.0,2.3,48.8,3.6,0,0.0,0.0,26.6
657,2024-01-01,17:30,Monday,January,UKPN East,10,68,low,0.0,0.0,14.9,14.9,23.8,0,0.1,0.0,46.3
658,2024-01-01,17:30,Monday,January,WPD South West,11,231,high,2.4,0.0,14.6,57.1,0.9,0,0.3,0.0,24.8
659,2024-01-01,17:30,Monday,January,SSE South,12,185,moderate,4.9,0.0,30.1,43.8,1.9,0,0.6,0.0,18.8
660,2024-01-01,17:30,Monday,January,UKPN London,13,83,low,0.0,0.0,44.2,17.9,7.6,0,0.8,0.0,29.4
661,2024-01-01,17:30,Monday,January,UKPN South East,14,90,low,0.0,0.0,59.3,19.3,0.0,0,1.2,0.0,20.1
662,2024-01-01,17:30,Monday,January,England,15,113,moderate,10.8,0.0,18.7,24.4,15.2,0,0.6,0.0,30.3
663,2024-01-01,17:30,Monday,January,Scotland,16,29,very low,2.2,0.0,1.4,6.6,15.2,0,20.7,0.0,53.9
664,2024-01-01,17:30,Monday,January,Wales,17,131,moderate,0.0,0.0,0.8,32.9,0.0,0,28.5,0.0,37.7
665,2024-01-01,17:30,Monday,January,GB,18,104,low,8.8,0.0,14.9,22.7,14.0,0,5.5,0.0,34.1
666,2024-01-01,18:00,Monday,January,Scottish Hydro Electric Power Distribution,1,1,very low,0.4,0.0,0.7,0.2,1.4,0,42.5,0.0,54.7
667,2024-01-01,18:00,Monday,January,SP Distribution,2,12,very low,3.3,0.0,5.8,2.1,25.4,0,0.0,0.0,63.4
668,2024-01-01,18:00,Monday,January,Electricity North West,3,23,very low,4.0,0.0,7.5,4.4,37.2,0,0.0,0.0,46.9
669,2024-01-01,18:00,Monday,January,NPG North East,4,13,very low,8.2,0.0,45.7,0.0,44.5,0,0.0,0.0,1.6
670,2024-01-01,18:00,Monday,January,NPG Yorkshire,5,120,moderate,52.6,0.0,3.1,14.5,3.9,0,0.0,0.0,26.0
671,2024-01-01,18:00,Monday,January,SP Manweb,6,25,very low,1.3,0.0,2.5,5.8,11.7,0,20.3,0.0,58.3
672,2024-01-01,18:00,Monday,January,WPD South Wales,7,282,very high,0.0,0.0,0.0,71.5,0.0,0,0.0,0.0,28.5
673,2024-01-01,18:00,Monday,January,WPD West Midlands,8,90,low,7.7,0.0,4.6,20.4,19.0,0,5.8,0.0,42.4
674,2024-01-01,18:00,Monday,January,WPD East Midlands,9,208,high,18.4,0.0,2.5,47.0,4.5,0,0.0,0.0,27.5
675,2024-01-01,18:00,Monday,January,UKPN East,10,47,low,0.0,0.0,15.7,9.5,23.7,0,0.1,0.0,51.0
676,2024-01-01,18:00,Monday,January,WPD South West,11,220,high,2.4,0.0,15.3,54.1,1.1,0,0.3,0.0,26.7
677,2024-01-01,18:00,Monday,January,SSE South,12,177,moderate,4.8,0.0,30.6,41.6,2.3,0,0.6,0.0,20.2
678,2024-01-01,18:00,Monday,January,UKPN London,13,78,low,0.0,0.0,44.2,16.7,7.7,0,0.8,0.0,30.8
679,2024-01-01,18:00,Monday,January,UKPN South East,14,92,low,0.0,0.0,57.5,20.0,0.0,0,1.1,0.0,21.4
680,2024-01-01,18:00,Monday,January,England,15,101,low,10.8,0.0,18.5,21.2,15.4,0,0.9,0.0,33.1
681,2024-01-01,18:00,Monday,January,Scotland,16,23,very low,1.4,0.0,0.0,5.3,14.0,0,17.2,0.0,62.1
682,2024-01-01,18:00,Monday,January,Wales,17,165,moderate,0.0,0.0,0.0,41.9,0.0,0,18.1,0.0,39.9
683,2024-01-01,18:00,Monday,January,GB,18,96,low,8.8,0.0,14.8,20.6,14.1,0,4.3,0.0,37.3
684,2024-01-01,18:30,Monday,January,Scottish Hydro Electric Power Distribution,1,0,very low,0.1,0.0,0.1,0.1,0.3,0,34.9,0.0,64.6
685,2024-01-01,18:30,Monday,January,SP Distribution,2,11,very low,2.5,0.0,2.0,2.0,20.6,0,0.9,0.0,72.0
686,2024-01-01,18:30,Monday,January,Electricity North West,3,20,very low,1.7,0.0,4.6,4.5,38.1,0,0.1,0.0,51.1
687,2024-01-01,18:30,Monday,January,NPG North East,4,13,very low,9.2,0.0,37.9,0.0,50.7,0,0.0,0.0,2.2
688,2024-01-01,18:30,Monday,January,NPG Yorkshire,5,113,moderate,52.9,0.0,3.4,12.6,4.8,0,0.0,0.0,26.4
689,2024-01-01,18:30,Monday,January,SP Manweb,6,26,very low,0.7,0.0,1.5,6.4,11.9,0,11.9,0.0,67.6
690,2024-01-01,18:30,Monday,January,WPD South Wales,7,268,high,0.0,0.0,0.0,67.9,0.9,0,0.0,0.0,31.2
691,2024-01-01,18:30,Monday,January,WPD West Midlands,8,70,low,6.1,0.0,3.6,15.8,20.4,0,3.8,0.0,50.4
692,2024-01-01,18:30,Monday,January,WPD East Midlands,9,170,moderate,19.2,0.0,4.0,36.9,5.8,0,0.0,0.0,34.0
693,2024-01-01,18:30,Monday,January,UKPN East,10,39,low,0.0,0.0,18.5,6.9,22.8,0,0.1,0.0,51.7
694,2024-01-01,18:30,Monday,January,WPD South West,11,196,high,2.3,0.0,17.5,47.9,1.2,0,0.3,0.0,30.8
695,2024-01-01,18:30,Monday,January,SSE South,12,155,moderate,4.4,0.0,33.5,35.8,2.7,0,0.5,0.0,23.0
696,2024-01-01,18:30,Monday,January,UKPN London,13,67,low,0.0,0.0,45.3,13.9,7.8,0,0.6,0.0,32.4
697,2024-01-01,18:30,Monday,January,UKPN South East,14,81,low,0.0,0.0,58.3,17.2,0.0,0,0.9,0.0,23.6
698,2024-01-01,18:30,Monday,January,England,15,84,low,10.3,0.0,18.3,16.8,16.0,0,0.9,0.0,37.6
699,2024-01-01,18:30,Monday,January,Scotland,16,24,very low,1.2,0.0,0.0,5.6,12.9,0,12.3,0.0,67.9
700,2024-01-01,18:30,Monday,January,Wales,17,192,high,0.0,0.0,0.0,48.8,0.4,0,9.6,0.0,41.2
701,2024-01-01,18:30,Monday,January,GB,18,83,low,8.5,0.0,14.7,17.5,14.6,0,2.9,0.0,41.7
702,2024-01-01,19:00,Monday,January,Scottish Hydro Electric Power Distribution,1,0,very low,0.0,0.0,0.0,0.0,0.0,0,26.7,0.0,73.3
703,2024-01-01,19:00,Monday,January,SP Distribution,2,11,very low,1.8,0.0,0.0,2.2,17.2,0,2.3,0.0,76.5
704,2024-01-01,19:00,Monday,January,Electricity North West,3,16,very low,1.1,0.0,3.7,3.6,36.8,0,0.2,0.0,54.6
705,2024-01-01,19:00,Monday,January,NPG North East,4,13,very low,9.1,0.0,35.1,0.1,50.8,0,0.2,0.0,4.7
706,2024-01-01,19:00,Monday,January,NPG Yorkshire,5,113,moderate,50.1,0.0,3.7,13.5,5.8,0,0.0,0.0,26.9
707,2024-01-01,19:00,Monday,January,SP Manweb,6,31,very low,0.5,0.0,0.9,7.8,11.9,0,6.3,0.0,72.5
708,2024-01-01,19:00,Monday,January,WPD South Wales,7,248,high,0.0,0.0,0.0,62.9,2.1,0,0.1,0.0,34.9
709,2024-01-01,19:00,Monday,January,WPD West Midlands,8,56,low,5.2,0.0,2.8,12.4,20.9,0,2.2,0.0,56.5
710,2024-01-01,19:00,Monday,January,WPD East Midlands,9,140,moderate,20.3,0.0,4.4,28.7,6.8,0,0.0,0.0,39.8
711,2024-01-01,19:00,Monday,January,UKPN East,10,35,low,0.0,0.0,17.3,5.9,21.4,0,0.0,0.0,55.3
712,2024-01-01,19:00,Monday,January,WPD South West,11,188,moderate,2.4,0.0,16.4,46.0,1.4,0,0.2,0.0,33.7
713,2024-01-01,19:00,Monday,January,SSE South,12,125,moderate,5.1,0.0,35.0,27.9,3.3,0,0.4,0.0,28.3
714,2024-01-01,19:00,Monday,January,UKPN London,13,52,low,0.0,0.0,45.2,10.0,8.3,0,0.5,0.0,36.1
715,2024-01-01,19:00,Monday,January,UKPN South East,14,62,low,0.0,0.0,60.9,12.3,0.0,0,0.7,0.0,26.1
716,2024-01-01,19:00,Monday,January,England,15,75,low,9.8,0.0,17.9,14.8,16.1,0,0.7,0.0,40.8
717,2024-01-01,19:00,Monday,January,Scotland,16,8,very low,1.3,0.0,0.0,1.7,13.1,0,8.3,0.0,75.6
718,2024-01-01,19:00,Monday,January,Wales,17,153,moderate,0.0,0.0,0.0,38.8,1.2,0,6.7,0.0,53.3
719,2024-01-01,19:00,Monday,January,GB,18,72,low,8.2,0.0,14.7,14.8,14.8,0,1.9,0.0,45.6
720,2024-01-01,19:30,Monday,January,Scottish Hydro Electric Power Distribution,1,0,very low,0.0,0.0,0.0,0.0,0.0,0,26.3,0.0,73.7
721,2024-01-01,19:30,Monday,January,SP Distribution,2,10,very low,1.6,0.0,0.0,2.1,15.3,0,3.6,0.0,77.4
722,2024-01-01,19:30,Monday,January,Electricity North West,3,10,very low,1.0,0.0,1.9,2.3,36.0,0,0.5,0.0,58.4
723,2024-01-01,19:30,Monday,January,NPG North East,4,14,very low,9.4,0.0,22.2,0.2,55.7,0,0.7,0.0,11.8
724,2024-01-01,19:30,Monday,January,NPG Yorkshire,5,113,moderate,48.8,0.0,2.2,13.8,6.3,0,0.1,0.0,28.8
725,2024-01-01,19:30,Monday,January,SP Manweb,6,27,very low,0.5,0.0,0.5,6.6,12.0,0,2.9,0.0,77.5
726,2024-01-01,19:30,Monday,January,WPD South Wales,7,177,moderate,0.7,0.0,0.3,44.8,3.7,0,0.2,0.0,50.4
727,2024-01-01,19:30,Monday,January,WPD West Midlands,8,43,low,4.9,0.0,2.1,9.4,21.3,0,1.2,0.0,61.2
728,2024-01-01,19:30,Monday,January,WPD East Midlands,9,122,moderate,17.9,0.0,3.9,25.1,7.4,0,0.0,0.0,45.8
729,2024-01-01,19:30,Monday,January,UKPN East,10,31,very low,0.0,0.0,14.2,5.5,21.5,0,0.0,0.0,58.9
730,2024-01-01,19:30,Monday,January,WPD South West,11,204,high,1.5,0.0,14.0,50.4,1.5,0,0.2,0.0,32.3
731,2024-01-01,19:30,Monday,January,SSE South,12,113,moderate,4.0,0.0,37.1,25.3,3.8,0,0.5,0.0,29.3
732,2024-01-01,19:30,Monday,January,UKPN London,13,44,low,0.0,0.0,43.9,8.1,9.1,0,0.5,0.0,38.3
733,2024-01-01,19:30,Monday,January,UKPN South East,14,52,low,0.0,0.0,62.0,9.8,0.0,0,0.8,0.0,27.5
734,2024-01-01,19:30,Monday,January,England,15,69,low,9.1,0.0,16.3,13.6,16.7,0,0.7,0.0,43.5
735,2024-01-01,19:30,Monday,January,Scotland,16,7,very low,1.2,0.0,0.0,1.5,11.7,0,7.3,0.0,78.3
736,2024-01-01,19:30,Monday,January,Wales,17,96,low,0.1,0.0,0.0,24.2,2.1,0,5.7,0.0,67.8
737,2024-01-01,19:30,Monday,January,GB,18,64,low,7.7,0.0,13.4,12.8,15.2,0,1.8,0.0,49.1
738,2024-01-01,20:00,Monday,January,Scottish Hydro Electric Power Distribution,1,0,very low,0.0,0.0,0.0,0.0,0.0,0,25.0,0.0,75.0
739,2024-01-01,20:00,Monday,January,SP Distribution,2,7,very low,1.3,0.0,0.0,1.5,14.6,0,4.5,0.0,78.1
740,2024-01-01,20:00,Monday,January,Electricity North West,3,10,very low,0.7,0.0,1.2,2.3,35.0,0,0.7,0.0,60.0
741,2024-01-01,20:00,Monday,January,NPG North East,4,12,very low,8.2,0.0,18.0,0.3,52.3,0,1.2,0.0,19.9
742,2024-01-01,20:00,Monday,January,NPG Yorkshire,5,100,low,44.7,0.0,2.1,11.8,7.6,0,0.2,0.0,33.8
743,2024-01-01,20:00,Monday,January,SP Manweb,6,22,very low,0.4,0.0,0.3,5.5,11.9,0,1.7,0.0,80.1
744,2024-01-01,20:00,Monday,January,WPD South Wales,7,126,moderate,0.8,0.0,0.3,31.7,5.1,0,0.2,0.0,61.9
745,2024-01-01,20:00,Monday,January,WPD West Midlands,8,32,very low,4.2,0.0,1.4,6.8,20.8,0,0.9,0.0,65.7
746,2024-01-01,20:00,Monday,January,WPD East Midlands,9,93,low,17.2,0.0,3.7,17.7,7.9,0,0.1,0.0,53.4
747,2024-01-01,20:00,Monday,January,UKPN East,10,22,very low,0.0,0.0,12.1,3.6,21.7,0,0.0,0.0,62.6
748,2024-01-01,20:00,Monday,January,WPD South West,11,170,moderate,1.8,0.0,16.4,41.7,2.0,0,0.2,0.0,37.9
749,2024-01-01,20:00,Monday,January,SSE South,12,86,low,4.2,0.0,37.6,18.2,4.8,0,0.5,0.0,34.7
750,2024-01-01,20:00,Monday,January,UKPN London,13,41,low,0.0,0.0,41.2,7.5,9.8,0,0.5,0.0,41.0
751,2024-01-01,20:00,Monday,January,UKPN South East,14,54,low,0.0,0.0,61.5,10.3,0.0,0,0.9,0.0,27.3
752,2024-01-01,20:00,Monday,January,England,15,56,low,8.4,0.0,15.9,10.6,16.7,0,0.8,0.0,47.6
753,2024-01-01,20:00,Monday,January,Scotland,16,6,very low,1.0,0.0,0.0,1.2,11.6,0,7.7,0.0,78.5
754,2024-01-01,20:00,Monday,January,Wales,17,62,low,0.2,0.0,0.0,15.8,3.0,0,3.4,0.0,77.6
755,2024-01-01,20:00,Monday,January,GB,18,51,low,7.0,0.0,13.2,9.8,15.4,0,1.8,0.0,52.8
756,2024-01-01,20:30,Monday,January,Scottish Hydro Electric Power Distribution,1,0,very low,0.0,0.0,0.0,0.0,0.0,0,22.1,0.0,77.9
757,2024-01-01,20:30,Monday,January,SP Distribution,2,6,very low,1.1,0.0,0.0,1.2,13.3,0,4.6,0.0,79.8
758,2024-01-01,20:30,Monday,January,Electricity North West,3,12,very low,0.5,0.0,0.1,2.8,33.9,0,0.8,0.0,61.8
759,2024-01-01,20:30,Monday,January,NPG North East,4,13,very low,9.2,0.0,3.9,0.4,54.4,0,1.6,0.0,30.5
760,2024-01-01,20:30,Monday,January,NPG Yorkshire,5,95,low,41.6,0.0,0.4,11.4,8.9,0,0.2,0.0,37.6
761,2024-01-01,20:30,Monday,January,SP Manweb,6,21,very low,0.4,0.0,0.0,5.2,11.8,0,2.0,0.0,80.6
762,2024-01-01,20:30,Monday,January,WPD South Wales,7,98,low,0.9,0.0,0.0,24.5,5.7,0,0.3,0.0,68.6
763,2024-01-01,20:30,Monday,January,WPD West Midlands,8,28,very low,3.8,0.0,0.2,6.0,20.8,0,1.1,0.0,68.2
764,2024-01-01,20:30,Monday,January,WPD East Midlands,9,77,low,17.0,0.0,0.5,14.5,8.3,0,0.1,0.0,59.7
765,2024-01-01,20:30,Monday,January,UKPN East,10,12,very low,0.0,0.0,1.6,3.0,23.1,0,0.0,0.0,72.3
766,2024-01-01,20:30,Monday,January,WPD South West,11,175,moderate,1.8,0.0,13.7,43.0,2.3,0,0.2,0.0,39.0
767,2024-01-01,20:30,Monday,January,SSE South,12,79,low,4.3,0.0,33.9,16.8,6.1,0,0.6,0.0,38.4
768,2024-01-01,20:30,Monday,January,UKPN London,13,32,very low,0.0,0.0,35.9,6.1,11.3,0,0.5,0.0,46.2
769,2024-01-01,20:30,Monday,January,UKPN South East,14,47,low,0.0,0.0,61.5,8.5,0.4,0,0.9,0.0,28.7
770,2024-01-01,20:30,Monday,January,England,15,50,low,7.9,0.0,11.9,9.6,17.1,0,0.9,0.0,52.6
771,2024-01-01,20:30,Monday,January,Scotland,16,5,very low,0.9,0.0,0.0,1.0,11.4,0,7.9,0.0,78.8
772,2024-01-01,20:30,Monday,January,Wales,17,52,low,0.2,0.0,0.0,13.1,3.5,0,2.2,0.0,81.0
773,2024-01-01,20:30,Monday,January,GB,18,45,low,6.7,0.0,9.9,8.8,15.7,0,1.7,0.0,57.1
774,2024-01-01,21:00,Monday,January,Scottish Hydro Electric Power Distribution,1,0,very low,0.0,0.0,0.0,0.0,0.0,0,18.9,0.0,81.1
775,2024-01-01,21:00,Monday,January,SP Distribution,2,6,very low,0.8,0.0,0.0,1.2,13.7,0,4.6,0.0,79.7
776,2024-01-01,21:00,Monday,January,Electricity North West,3,8,very low,0.4,0.0,0.0,2.0,33.7,0,1.0,0.0,62.9
777,2024-01-01,21:00,Monday,January,NPG North East,4,10,very low,6.8,0.0,1.5,0.5,53.3,0,1.9,0.0,36.1
778,2024-01-01,21:00,Monday,January,NPG Yorkshire,5,87,low,31.5,0.0,0.2,12.6,10.8,0,0.3,0.0,44.7
779,2024-01-01,21:00,Monday,January,SP Manweb,6,23,very low,0.3,0.0,0.0,5.7,12.3,0,2.1,0.0,79.6
780,2024-01-01,21:00,Monday,January,WPD South Wales,7,50,low,0.9,0.0,0.0,12.3,5.8,0,0.4,0.0,80.6
781,2024-01-01,21:00,Monday,January,WPD West Midlands,8,26,very low,2.6,0.0,0.1,5.6,21.5,0,1.2,0.0,69.0
782,2024-01-01,21:00,Monday,January,WPD East Midlands,9,72,low,12.4,0.3,0.3,13.8,8.8,0,0.2,0.0,64.3
783,2024-01-01,21:00,Monday,January,UKPN East,10,12,very low,0.0,0.0,1.0,3.0,23.2,0,0.0,0.0,72.8
784,2024-01-01,21:00,Monday,January,WPD South West,11,167,moderate,1.4,0.0,14.1,41.0,2.9,0,0.2,0.0,40.3
785,2024-01-01,21:00,Monday,January,SSE South,12,74,low,3.2,0.1,32.6,15.6,8.2,0,0.6,0.0,39.6
786,2024-01-01,21:00,Monday,January,UKPN London,13,34,very low,0.0,0.0,34.4,6.6,12.8,0,0.5,0.0,45.8
787,2024-01-01,21:00,Monday,January,UKPN South East,14,51,low,0.0,0.0,60.6,9.5,1.4,0,0.9,0.0,27.6
788,2024-01-01,21:00,Monday,January,England,15,47,low,5.8,0.1,12.0,9.4,17.6,0,0.9,0.0,54.1
789,2024-01-01,21:00,Monday,January,Scotland,16,5,very low,0.6,0.0,0.0,1.0,11.6,0,6.9,0.0,79.8
790,2024-01-01,21:00,Monday,January,Wales,17,29,very low,0.2,0.0,0.0,7.3,4.2,0,2.4,0.0,85.9
791,2024-01-01,21:00,Monday,January,GB,18,41,low,4.9,0.0,9.9,8.3,16.2,0,1.7,0.0,58.9
792,2024-01-01,21:30,Monday,January,Scottish Hydro Electric Power Distribution,1,0,very low,0.0,0.0,0.0,0.0,0.0,0,17.2,0.0,82.8
793,2024-01-01,21:30,Monday,January,SP Distribution,2,5,very low,0.7,0.0,0.0,1.1,14.3,0,4.5,0.0,79.4
794,2024-01-01,21:30,Monday,January,Electricity North West,3,6,very low,0.4,0.0,0.0,1.5,33.0,0,1.1,0.0,64.0
795,2024-01-01,21:30,Monday,January,NPG North East,4,9,very low,6.0,0.0,0.0,0.5,50.5,0,2.1,0.0,40.9
796,2024-01-01,21:30,Monday,January,NPG Yorkshire,5,78,low,23.4,0.0,0.0,12.7,12.1,0,0.5,0.0,51.4
797,2024-01-01,21:30,Monday,January,SP Manweb,6,22,very low,0.3,0.0,0.0,5.5,13.0,0,2.0,0.0,79.2
798,2024-01-01,21:30,Monday,January,WPD South Wales,7,66,low,0.4,0.1,0.0,16.4,5.0,0,0.3,0.0,77.8
799,2024-01-01,21:30,Monday,January,WPD West Midlands,8,24,very low,1.8,0.3,0.1,4.9,22.1,0,1.3,0.0,69.6
800,2024-01-01,21:30,Monday,January,WPD East Midlands,9,91,low,10.3,2.4,0.3,14.0,8.2,0,0.2,0.0,64.5
801,2024-01-01,21:30,Monday,January,UKPN East,10,13,very low,0.0,0.0,2.3,2.9,22.8,0,0.0,0.0,72.1
802,2024-01-01,21:30,Monday,January,WPD South West,11,181,moderate,1.3,0.3,7.0,44.5,3.6,0,0.3,0.0,43.0
803,2024-01-01,21:30,Monday,January,SSE South,12,82,low,3.4,0.9,18.5,16.4,10.3,0,0.8,0.0,49.7
804,2024-01-01,21:30,Monday,January,UKPN London,13,32,very low,0.0,0.0,23.2,6.6,14.6,0,0.5,0.0,55.1
805,2024-01-01,21:30,Monday,January,UKPN South East,14,54,low,0.0,0.0,47.5,10.9,2.9,0,1.1,0.0,37.6
806,2024-01-01,21:30,Monday,January,England,15,51,low,4.6,0.4,8.3,10.1,17.9,0,0.9,0.0,57.8
807,2024-01-01,21:30,Monday,January,Scotland,16,5,very low,0.5,0.0,0.0,1.1,12.5,0,6.3,0.0,79.4
808,2024-01-01,21:30,Monday,January,Wales,17,14,very low,0.2,0.0,0.0,3.6,5.0,0,2.5,0.0,88.8
809,2024-01-01,21:30,Monday,January,GB,18,44,low,3.9,0.4,6.8,8.7,16.6,0,1.6,0.0,62.1
810,2024-01-01,22:00,Monday,January,Scottish Hydro Electric Power Distribution,1,0,very low,0.0,0.0,0.0,0.0,0.0,0,16.2,0.0,83.8
811,2024-01-01,22:00,Monday,January,SP Distribution,2,5,very low,0.7,0.0,0.0,1.1,14.4,0,4.4,0.0,79.4
812,2024-01-01,22:00,Monday,January,Electricity North West,3,4,very low,0.5,0.0,0.0,0.8,33.3,0,1.2,0.0,64.2
813,2024-01-01,22:00,Monday,January,NPG North East,4,10,very low,6.6,0.0,0.0,0.5,48.2,0,2.2,0.0,42.5
814,2024-01-01,22:00,Monday,January,NPG Yorkshire,5,72,low,21.7,0.0,0.0,11.7,12.4,0,0.5,0.0,53.7
815,2024-01-01,22:00,Monday,January,SP Manweb,6,22,very low,0.3,0.0,0.0,5.5,13.2,0,1.9,0.0,79.1
816,2024-01-01,22:00,Monday,January,WPD South Wales,7,83,low,0.5,0.1,0.0,20.6,3.3,0,0.3,0.0,75.2
817,2024-01-01,22:00,Monday,January,WPD West Midlands,8,21,very low,1.8,0.4,0.0,3.8,22.9,0,1.4,0.0,69.8
818,2024-01-01,22:00,Monday,January,WPD East Midlands,9,92,low,11.2,4.0,0.2,10.3,8.5,0,0.3,0.0,65.4
819,2024-01-01,22:00,Monday,January,UKPN East,10,18,very low,0.0,0.2,2.3,3.8,21.8,0,0.0,0.0,72.0
820,2024-01-01,22:00,Monday,January,WPD South West,11,189,moderate,1.5,0.6,6.0,45.9,4.0,0,0.3,0.0,41.8
821,2024-01-01,22:00,Monday,January,SSE South,12,82,low,3.9,1.7,14.9,14.9,13.0,0,0.8,0.0,50.8
822,2024-01-01,22:00,Monday,January,UKPN London,13,37,low,0.0,0.2,20.7,7.7,16.6,0,0.5,0.0,54.3
823,2024-01-01,22:00,Monday,January,UKPN South East,14,59,low,0.0,0.1,42.1,12.4,7.1,0,1.6,0.0,36.8
824,2024-01-01,22:00,Monday,January,England,15,54,low,4.6,0.9,7.9,9.8,18.1,0,1.0,0.0,57.7
825,2024-01-01,22:00,Monday,January,Scotland,16,6,very low,0.5,0.0,0.0,1.2,12.9,0,5.7,0.0,79.6
826,2024-01-01,22:00,Monday,January,Wales,17,20,very low,0.2,0.0,0.0,5.0,5.3,0,2.8,0.0,86.7
827,2024-01-01,22:00,Monday,January,GB,18,46,low,3.9,0.7,6.6,8.6,16.8,0,1.6,0.0,61.8
828,2024-01-01,22:30,Monday,January,Scottish Hydro Electric Power Distribution,1,0,very low,0.0,0.0,0.0,0.0,0.0,0,14.8,0.0,85.2
829,2024-01-01,22:30,Monday,January,SP Distribution,2,5,very low,0.6,0.0,0.0,1.1,14.8,0,4.2,0.0,79.2
830,2024-01-01,22:30,Monday,January,Electricity North West,3,4,very low,0.5,0.0,0.0,0.8,33.7,0,1.3,0.0,63.8
831,2024-01-01,22:30,Monday,January,NPG North East,4,9,very low,5.6,0.0,0.0,0.6,45.3,0,2.1,0.0,46.5
832,2024-01-01,22:30,Monday,January,NPG Yorkshire,5,66,low,18.5,0.0,0.0,11.1,13.2,0,0.6,0.0,56.7
833,2024-01-01,22:30,Monday,January,SP Manweb,6,22,very low,0.3,0.0,0.0,5.5,13.7,0,2.1,0.0,78.4
834,2024-01-01,22:30,Monday,January,WPD South Wales,7,78,low,0.2,0.0,0.0,19.6,3.7,0,0.2,0.0,76.2
835,2024-01-01,22:30,Monday,January,WPD West Midlands,8,17,very low,1.0,0.2,0.0,3.3,23.6,0,1.6,0.0,70.2
836,2024-01-01,22:30,Monday,January,WPD East Midlands,9,93,low,12.1,4.2,0.0,9.9,8.5,0,0.4,0.0,64.9
837,2024-01-01,22:30,Monday,January,UKPN East,10,24,very low,1.2,0.5,0.0,4.5,21.6,0,0.0,0.0,72.2
838,2024-01-01,22:30,Monday,January,WPD South West,11,191,high,2.0,0.7,0.0,46.1,4.8,0,0.3,0.0,46.1
839,2024-01-01,22:30,Monday,January,SSE South,12,83,low,5.9,2.1,0.0,14.3,14.3,0,0.9,0.0,62.5
840,2024-01-01,22:30,Monday,January,UKPN London,13,40,low,1.2,0.5,0.0,8.6,17.6,0,0.5,0.0,71.6
841,2024-01-01,22:30,Monday,January,UKPN South East,14,79,low,0.4,0.2,0.0,19.5,7.6,0,1.7,0.0,70.6
842,2024-01-01,22:30,Monday,January,England,15,55,low,4.5,0.9,2.5,10.3,17.9,0,1.0,0.0,62.9
843,2024-01-01,22:30,Monday,January,Scotland,16,5,very low,0.5,0.0,0.0,1.2,13.2,0,5.4,0.0,79.8
844,2024-01-01,22:30,Monday,January,Wales,17,23,very low,0.2,0.0,0.0,5.8,5.6,0,2.7,0.0,85.7
845,2024-01-01,22:30,Monday,January,GB,18,48,low,3.8,0.8,2.1,9.0,16.7,0,1.6,0.0,66.0
846,2024-01-01,23:00,Monday,January,Scottish Hydro Electric Power Distribution,1,0,very low,0.0,0.0,0.0,0.0,0.0,0,13.1,0.0,86.9
847,2024-01-01,23:00,Monday,January,SP Distribution,2,5,very low,0.6,0.0,0.0,1.2,14.9,0,3.7,0.0,79.6
848,2024-01-01,23:00,Monday,January,Electricity North West,3,4,very low,0.5,0.0,0.0,1.0,34.4,0,1.2,0.0,62.9
849,2024-01-01,23:00,Monday,January,NPG North East,4,8,very low,4.7,0.0,0.0,0.6,44.7,0,1.9,0.0,48.2
850,2024-01-01,23:00,Monday,January,NPG Yorkshire,5,67,low,18.6,0.0,0.0,11.4,13.1,0,0.5,0.0,56.4
851,2024-01-01,23:00,Monday,January,SP Manweb,6,22,very low,0.3,0.0,0.0,5.6,13.4,0,2.2,0.0,78.5
852,2024-01-01,23:00,Monday,January,WPD South Wales,7,82,low,0.2,0.0,0.0,20.6,3.9,0,0.3,0.0,75.0
853,2024-01-01,23:00,Monday,January,WPD West Midlands,8,18,very low,1.1,0.3,0.0,3.5,23.5,0,1.6,0.0,70.0
854,2024-01-01,23:00,Monday,January,WPD East Midlands,9,100,low,12.4,4.8,0.0,10.1,8.7,0,0.3,0.0,63.8
855,2024-01-01,23:00,Monday,January,UKPN East,10,22,very low,1.6,0.6,0.0,3.7,21.6,0,0.0,0.0,72.5
856,2024-01-01,23:00,Monday,January,WPD South West,11,207,high,1.9,0.7,0.0,50.4,4.5,0,0.3,0.0,42.2
857,2024-01-01,23:00,Monday,January,SSE South,12,89,low,6.1,2.3,0.0,15.3,14.1,0,0.9,0.0,61.3
858,2024-01-01,23:00,Monday,January,UKPN London,13,44,low,1.6,0.6,0.0,9.3,17.5,0,0.6,0.0,70.4
859,2024-01-01,23:00,Monday,January,UKPN South East,14,93,low,0.6,0.2,0.0,22.9,7.5,0,1.8,0.0,67.1
860,2024-01-01,23:00,Monday,January,England,15,58,low,4.5,1.0,3.9,10.8,17.7,0,1.0,0.0,61.1
861,2024-01-01,23:00,Monday,January,Scotland,16,5,very low,0.5,0.0,0.0,1.2,12.7,0,4.9,0.0,80.7
862,2024-01-01,23:00,Monday,January,Wales,17,28,very low,0.2,0.0,0.0,7.0,5.5,0,2.8,0.0,84.5
863,2024-01-01,23:00,Monday,January,GB,18,51,low,3.8,0.8,3.2,9.5,16.5,0,1.5,0.0,64.7
864,2024-01-01,23:30,Monday,January,Scottish Hydro Electric Power Distribution,1,0,very low,0.0,0.0,0.0,0.0,0.0,0,10.6,0.0,89.4
865,2024-01-01,23:30,Monday,January,SP Distribution,2,5,very low,0.6,0.0,0.0,1.2,13.7,0,3.1,0.0,81.4
866,2024-01-01,23:30,Monday,January,Electricity North West,3,4,very low,0.7,0.0,0.0,0.7,34.7,0,1.1,0.0,62.8
867,2024-01-01,23:30,Monday,January,NPG North East,4,10,very low,6.5,0.0,0.0,0.6,42.5,0,1.5,0.0,48.9
868,2024-01-01,23:30,Monday,January,NPG Yorkshire,5,64,low,16.8,0.0,0.0,11.1,13.1,0,0.5,0.0,58.6
869,2024-01-01,23:30,Monday,January,SP Manweb,6,17,very low,0.4,0.0,0.0,4.2,13.3,0,2.6,0.0,79.5
870,2024-01-01,23:30,Monday,January,WPD South Wales,7,77,low,0.2,0.0,0.0,19.5,4.2,0,0.3,0.0,75.7
871,2024-01-01,23:30,Monday,January,WPD West Midlands,8,13,very low,1.2,0.0,0.0,2.9,23.9,0,1.7,0.0,70.2
872,2024-01-01,23:30,Monday,January,WPD East Midlands,9,62,low,11.4,0.3,0.0,11.6,9.2,0,0.3,0.0,67.2
873,2024-01-01,23:30,Monday,January,UKPN East,10,23,very low,1.2,0.0,0.0,5.3,22.7,0,0.0,0.0,70.8
874,2024-01-01,23:30,Monday,January,WPD South West,11,224,high,1.5,0.0,0.1,56.2,4.9,0,0.3,0.0,36.9
875,2024-01-01,23:30,Monday,January,SSE South,12,68,low,5.6,0.2,0.3,15.1,14.3,0,1.0,0.0,63.5
876,2024-01-01,23:30,Monday,January,UKPN London,13,35,low,1.2,0.0,1.4,8.4,18.2,0,0.6,0.0,70.2
877,2024-01-01,23:30,Monday,January,UKPN South East,14,65,low,0.4,0.0,5.5,15.9,8.1,0,2.3,0.0,67.8
878,2024-01-01,23:30,Monday,January,England,15,57,low,4.4,0.9,2.0,10.9,18.1,0,1.0,0.0,62.8
879,2024-01-01,23:30,Monday,January,Scotland,16,5,very low,0.5,0.0,0.0,1.1,13.3,0,2.5,0.0,82.5
880,2024-01-01,23:30,Monday,January,Wales,17,24,very low,0.2,0.0,0.0,6.0,5.6,0,7.0,0.0,81.3
881,2024-01-01,23:30,Monday,January,GB,18,46,low,3.7,0.8,1.6,9.4,16.7,0,1.5,0.0,66.3
